#CODE;ENGLISH;FRENCH;GERMAN;;SPANISH;;;;;;;;;x,,,,,,,,,,,,,,
abolish_witan_hardrada;Declare yourself the sole King of England;Vous déclarer seul Roi d'Angleterre;Declare yourself the sole King of England;;Declare yourself the sole King of England;;;;;;;;;x,,,,,,,,,,,,,,
abolish_witan_hardrada_desc;With you fully in control of the English lands, you can abolish the Witan and end the Anglo-Saxon hegemony over Anglia once and for all!;Maintenant que vous controslez entièrement les terres anglaises, vous pouvez abolir le Witan et mettre fin à l'hégémonie anglo-saxonne sur Anglia une fois pour toutes !;With you fully in control of the English lands, you can abolish the Witan and end the Anglo-Saxon hegemony over Anglia once and for all!;;With you fully in control of the English lands, you can abolish the Witan and end the Anglo-Saxon hegemony over Anglia once and for all!;;;;;;;;;x,,,,,,,,,,
abolish_witan_william;Declare yourself the sole King of England;Vous décarer seul Roi d'Angleterre;Declare yourself the sole King of England;;Declare yourself the sole King of England;;;;;;;;;x,,,,,,,,,,,,,,
abolish_witan_william_desc;With you fully in control of the English lands, you can abolish the Witan and end the Anglo-Saxon hegemony over Anglia once and for all!;Maintenant que vous controslez entièrement les terres anglaises, vous pouvez abolir le Witan et mettre fin à l'hégémonie anglo-saxonne sur Anglia une fois pour toutes !;With you fully in control of the English lands, you can abolish the Witan and end the Anglo-Saxon hegemony over Anglia once and for all!;;With you fully in control of the English lands, you can abolish the Witan and end the Anglo-Saxon hegemony over Anglia once and for all!;;;;;;;;;x,,,,,,,,,,
austro_hungarian_empire;Austrian Empire;Empire Austro-Hongrois;Österreichisch-Ungarisches Kaiserreich;;Imperio Austro-Húngaro;;;;;;;;;x;;,,,,,,,,,,,,,,
austro_hungarian_empire_desc;This decision will give you the Austrian title.;Cette décision vous donnera le titre austro-hongrois.;Diese Entscheidung gibt Ihnen der Österreichisch-Ungarisches Kaiserreichstitel.;;Esta decisión le dará el título Austro-Húngaro.;;;;;;;;;x;;,,,,,,,,,,,,,,
become_braedralag;Found the Bræðralag;Fonder le Bræðralag;Found the Bræðralag;;Found the Bræðralag;;;;;;;;;,,,,,,,,,,,,,,
borrowed_from_ansar;Owes 300¤ to the Ansar Order;Doit 300¤ à la Confrérie des Bektachis;Schuldet dem Orden der Bektaschi 300¤;;Debe 300¤ a los Ansar;;;;;;;;;x;;,,,,,,,,,,,,,,
borrow_money_ansar;Borrow 300¤ from the Ansar;Emprunter 300¤ aulx Bektachis;Leihen Sie sich 300¤ von den Bektaschi;;Pedir 300¤ prestados a los Ansar;;;;;;;;;x;;,,,,,,,,,,,,,,
borrow_money_ansar_desc;I can borrow money from the Ansar and pay back the same sum at any time. However, while I'm in their debt, the Grand Master can make various requests, like one of my sons joining their ranks.;Je puis emprunter de l'argent aulx Bektachis et rembourser la mesme somme quand bon me semble. Cependant, tant que cette dette existe, le Grand Maistre peut formuler diverses requestes, par exemple demander qu'un de mes fils rejoigne leurs rangs.;Ich kann mir von den Bektaschi Geld leihen und den Betrag zu beliebiger Zeit zurückzahlen. Jedoch kann der Großmeister, während ich in ihrer Schuld stehe, an mich verschiedene Forderungen stellen, z.B. dass einer meiner Söhne dem Orden beitritt.;;Puedo pedir un préstamo a los Ansar y devolverles la misma suma en cualquier momento. Sin embargo, mientras esté en deuda con ellos, el Gran Maestre podrá hacer distintas peticiones, como que uno de mis hijos se una a sus filas.;;;;;;;;;x,,
bring_children_to_court;Summon Children to Court;Convoquer les enfants à la cour;Kinder vor Gericht beordern.;;Summon Children to Court;;;;;;;;;x,,,,,,,,,,,,,,
bring_children_to_court_desc;Some of your children are subjects of a foreign court. Bring them home to [Root.PrimaryTitle.GetName].;Certains de vos enfants sont sujets d'une cour étrangère. Ramenez-les chez eulx à [Root.PrimaryTitle.GetName].;Einige eurer Kinder sind Verdächtige an einem ausländischen Gericht. Bringt sie nach hause an eueren Hof [Root.PrimaryTitle.GetName].;;Some of your children are subjects of a foreign court. Bring them home to [Root.PrimaryTitle.GetName].;;;;;;;;;x,,,,,,,,,,,,,,
bring_out_of_hiding;Call Family out of Hiding;Appeler votre Famille à sortir de leur Cachette;Call Family out of Hiding;;Call Family out of Hiding;;;;;;;;;,,,,,,,,,,,,,,
bring_out_of_hiding_desc;Removes Hidden, Stalwart, or Left At Siege from any of your dynasty or spouses at your location.;Enlève Caché, Féal Partisan, ou Laissé au Siège de n'importe quel membre de votre dynastie ou votre conjointe à votre emplacement.;Removes Hidden, Stalwart, or Left At Siege from any of your dynasty or spouses at your location.;;Removes Hidden, Stalwart, or Left At Siege from any of your dynasty or spouses at your location.;;;;;;;;;,,,,,,
capture_desc;§Y$CLAIMANT$§! can attempt to capture all malicious plotters in the realm of §Y$TARGET$§!.;§Y$CLAIMANT$§! Peut tenter de capturer tous les comploteurs malveillants dans le Royaume de §Y$TARGET$§!.;§Y$CLAIMANT$§! kann versuchen, alle böswilligen Verschwörer im Reich von §Y$TARGET$§! Festzunehmen.;;§Y$CLAIMANT$§! can attempt to capture all malicious plotters in the realm of §Y$TARGET$§!.;;;;;;;;;x;;,,,,,,,,,,,,,
check_notable_persons;Check Friends and Rivals;Voir Amis et Rivaulx;Check Friends and Rivals;;Check Friends and Rivals;;;;;;;;;x,,,,,,,,,,,,,,
check_notable_persons_desc;Show your friends and rivals, if you have them.;Montre vos amis et vos rivaulx, si vous en avez.;Show your friends and rivals, if you have them.;;Show your friends and rivals, if you have them.;;;;;;;;;x,,,,,,,,,,
check_people_tooltip;Friends, Rivals, and Lover.;Amis, Rivaulx et Amant(e).;Friends, Rivals, and Lover.;;Friends, Rivals, and Lover.;;;;;;;;;x,,,,,,,
claim_finnmark;Claim Finnmárku for Norway;Claim Finnmárku for Norway;Claim Finnmárku for Norway;;Claim Finnmárku for Norway;;;;;;;;;x,,,,,,,,,,,,,,
claim_finnmark_desc;The tribal lands of Finnmárku should rightfully be under the de jure rule of the Norwegian crown.;The tribal lands of Finnmárku should rightfully be under the de jure rule of the Norwegian crown.;The tribal lands of Finnmárku should rightfully be under the de jure rule of the Norwegian crown.;;The tribal lands of Finnmárku should rightfully be under the de jure rule of the Norwegian crown.;;;;;;;;;x,,,,,,,,,,,,,,
claim_kola;Claim Kola for Finland;Claim Kola for Finland;Claim Kola for Finland;;Claim Kola for Finland;;;;;;;;;x,,,,,,,,,,,,,,
claim_kola_desc;The tribal lands of Kola should rightfully be under the de jure rule of the Finnish crown.;The tribal lands of Kola should rightfully be under the de jure rule of the Finnish crown.;The tribal lands of Kola should rightfully be under the de jure rule of the Finnish crown.;;The tribal lands of Kola should rightfully be under the de jure rule of the Finnish crown.;;;;;;;;;x,,,,,,,,,,,,,,
claim_sami;Claim Sami for Sweden;Claim Sami for Sweden;Claim Sami for Sweden;;Claim Sami for Sweden;;;;;;;;;x,,,,,,,,,,,,,,
claim_sami_desc;The tribal Sami lands in the north should rightfully be under the de jure rule of the Swedish crown.;The tribal Sami lands in the north should rightfully be under the de jure rule of the Swedish crown.;The tribal Sami lands in the north should rightfully be under the de jure rule of the Swedish crown.;;The tribal Sami lands in the north should rightfully be under the de jure rule of the Swedish crown.;;;;;;;;;x,,,,,,,,,,,,,,
convert_finnmark;Create Duchy of Nordland;Create Duchy of Nordland;Create Duchy of Nordland;;Create Duchy of Nordland;;;;;;;;;x,,,,,,,,,,,,,,
convert_finnmark_desc;Now that we control all of Finnmárku, it should be declared a duchy for the [Root.Culture.GetName] to rule.;Now that we control all of Finnmárku, it should be declared a duchy for the [Root.Culture.GetName] to rule.;Now that we control all of Finnmárku, it should be declared a duchy for the [Root.Culture.GetName] to rule.;;Now that we control all of Finnmárku,it should be declared a duchy for the [Root.Culture.GetName] to rule.;;;;;;;;;x,,,,,,,,,,
convert_sami;Create Duchy of Norrland;Create Duchy of Norrland;Create Duchy of Norrland;;Create Duchy of Norrland;;;;;;;;;x,,,,,,,,,,,,,,
convert_sami_desc;Now that we control all of Sami, it should be declared a duchy for the [Root.Culture.GetName] to rule.;Now that we control all of Sami, it should be declared a duchy for the [Root.Culture.GetName] to rule.;Now that we control all of Sami, it should be declared a duchy for the [Root.Culture.GetName] to rule.;;Now that we control all of Sami,it should be declared a duchy for the [Root.Culture.GetName] to rule.;;;;;;;;;x,,,,,,,,,,
convert_to_capital_culture;Embrace [Root.Capital.Culture.GetName] Culture;Embrasser la culture de [Root.Capital.Culture.GetName];[Root.Capital.Culture.GetName]e Kultur annehmen;;Embrace [Root.Capital.Culture.GetName] Culture;;;;;;;;;x;;,,,,,,,,,,,,,,
convert_to_capital_culture_desc;I am impressed with the language and customs of [Root.Capital.GetName]. I wish I were like that...;Je suis impressioné par la langue et les coutumes de [Root.Capital.GetName]. J'aimerais estre comme eulx...;Ich bin zutiefst beeindruckt von der Sprache und den Traditionen von [Root.Capital.GetName]. Ich wünschte, ich wäre wie sie...;;I am impressed with the language and customs of [Root.Capital.GetName]. I wish I were like that...;;;;;;;;;x;;,,,,,,,,,,,,,
convert_to_capital_religion;Convert to [Root.Capital.Religion.GetName];Se convertir à [Root.Capital.Religion.GetName];Zum [Root.Capital.Religion.GetName]en Glauben Konvertieren;;Convert to [Root.Capital.Religion.GetName];;;;;;;;;x;;,,,,,,,,,,,,,,
convert_to_capital_religion_desc;I am sure the people of [Root.Capital.GetName] would be pleased if we had the same faith...;Je suis susr que le peuple de [Root.Capital.GetName] serait heureulx si nous partagions la mesme foi...;Ich bin sicher, die Menschen von [Root.Capital.GetName] wären erfreut, wenn wir den selben Glauben teilten...;;I am sure the people of [Root.Capital.GetName] would be pleased if we had the same faith...;;;;;;;;;x;;,,,,,,,,,,,,
convert_to_celtic_pagan;Convert to Celtic;Se Convertir à la Religion Celte;Convert to Celtic;;Convert to Celtic;;;;;;;;;x,,,,,,,,,,,,,,
convert_to_celtic_pagan_desc;Convert to the faith of my ancestral forefathers!;Me convertir à la foi de mes ancestres !;Convert to the faith of my ancestral forefathers!;;Convert to the faith of my ancestral forefathers!;;;;;;;;;x,,,,,,,,,,,,,,
convert_to_druidic;Convert to Brythonic;Se Convertir à la Religion Brythonique;Convert to Brythonic;;Convert to Brythonic;;;;;;;;;x,,,,,,,,,,,,,,
convert_to_druidic_desc;Convert to the faith of my ancestral forefathers!;Me convertir à la foi de mes ancestres !;Convert to the faith of my ancestral forefathers!;;Convert to the faith of my ancestral forefathers!;;;;;;;;;x,,,,,,,,,,,,,,
convert_to_hellenic_pagan;Convert to Hellenic;Se Convertir au Hellénisme;Convert to Hellenic;;Convert to Hellenic;;;;;;;;;x,,,,,,,,,,,,,,
convert_to_hellenic_pagan_desc;Convert to the faith of my ancestral forefathers!;Me convertir à la foi de mes ancestres !;Convert to the faith of my ancestral forefathers!;;Convert to the faith of my ancestral forefathers!;;;;;;;;;x,,,,,,,,,,,,,,
convert_to_icelandic;Embrace Icelandic Culture;Embrasser la Culture Islandaise;Embrace Icelandic Culture;;Embrace Icelandic Culture;;;;;;;;;x,,,,,,,,,,,,,,
convert_to_liege_culture;Embrace [Root.Liege.Culture.GetName] Culture;Embrasser la culture de [Root.Liege.Culture.GetName];[Root.Liege.Culture.GetName]e Kultur annehmen;;Embrace [Root.Liege.Culture.GetName] Culture;;;;;;;;;x;;,,,,,,,,,,,,,,
convert_to_liege_culture_desc;I am impressed with the language and customs of [Root.Liege.GetTitledFirstName]. I wish I were like that...;Je suis impressioné par la langue et les coutumes de [Root.Liege.GetTitledFirstName]. J'aimerais estre comme ça...;Ich bin zutiefst beeindruckt von der Sprache und den Traditionen von [Root.Liege.GetTitledFirstName]. Ich wünschte, ich wäre wie er...;;I am impressed with the language and customs of [Root.Liege.GetTitledFirstName]. I wish I were like that...;;;;;;;;;x;;,,,,,,,,,,,,,
convert_to_liege_religion;Convert to [Root.Liege.Religion.GetName];Se convertir à [Root.Liege.Religion.GetName];Zum [Root.Liege.Religion.GetName]en Glauben Konvertieren;;Convert to [Root.Liege.Religion.GetName];;;;;;;;;x;;,,,,,,,,,,,,,,
convert_to_liege_religion_desc;I am sure [Root.Liege.GetTitledFirstName] would be pleased if we had the same faith...;Je suis susr que [Root.Liege.GetTitledFirstName] serait content si nous partagions la mesme foi...;Ich bin sicher, [Root.Liege.GetTitledFirstName] wäre erfreut, wenn wir den selben Glauben teilten...;;I am sure [Root.Liege.GetTitledFirstName] would be pleased if we had the same faith...;;;;;;;;;x;;,,,,,,,,,,,,
convert_to_roman;Embrace Roman Culture;Embrasser la Culture Romaine;Romane Kultur annehmen;;Embrace Roman Culture;;;;;;;;;x,,,,,,,,,,,,,,
convert_to_roman_desc;We have reunited the Roman Empire. It is time to become Roman once more!;Nous avons réunifié l'Empire Romain. Il est temps de redevenir Romain !;;We have reunited the Roman Empire. It is time to become Roman once more!;;;;;;;;;x;,,,,,,,,,,,,,,
convert_to_zoroastrianism;Convert to Zoroastrianism;Se Convertir au Zoroastrisme;Convert to Zoroastrianism;;Convert to Zoroastrianism;;;;;;;;;x,,,,,,,,,,,,,,
convert_to_zoroastrianism_desc;Convert to the faith of my ancestral forefathers!;Me convertir à la foi de mes ancestres !;Convert to the faith of my ancestral forefathers!;;Convert to the faith of my ancestral forefathers!;;;;;;;;;x,,,,,,,,,,,,,,
cornish;Cornish;Cornouaillais;Kornisch;;Cornish;;;;;;;x;;;;,,,,,,,,,,,,,,
coronation;Request Papal Coronation;Demander un Couronnement au Pape;Päpstliche Krönung erbitten;;Request Papal Coronation;;;;;;;;x;;;,,,,,,,,,,,,,,
coronation_desc;Enacting this decision will result in a request to the Pope for a coronation ceremony to be held at Rome in honour of [Root.GetTitledFirstName]. This will allow [Root.GetTitledFirstName] to become crowned and blessed by the Pope and extend your authority as the ruler of the Holy Roman Empire, which further legitimises your rule.;Promulguer cette décision entraisnera l'envoi d'une requeste au Pape, lui demandant d'organiser une cérémonie de couronnement à Rome en l'honneur de [Root.GetTitledFirstName]. Cela autorisera [Root.GetTitledFirstName] à estre couronné et bénit par le Pape et d'accroistre son autorité comme souverain du Saint Empire Romain, ce qui légitimera également votre règne.;Erlass dieser Entscheidung wird einen Antrag an den Papst auf eine Krönungszeremonie richten, die in Rom zu Ehren von [Root.GetTitledFirstName] stattfinden soll. Dies ermöglicht [Root.GetTitledFirstName] durch den Papst gekrönt und gesegnet zu werden und erhöht die Autorität als Herrscher des Heiligen Römischen Reiches.;;Enacting this decision will result in a request to the Pope for a coronation ceremony to be held at Rome in honour of [Root.GetTitledFirstName]. This will allow [Root.GetTitledFirstName] to become crowned and blessed by the Pope and extend your authority as the ruler of the Holy Roman Empire, which further legitimises your rule.;;;;;;;;x;,,,,,,,,,
coronation_rejected;Rejected Coronation;A rejeté le Couronnement;Krönung abgelehnt;;Rejected Coronation;;;;;;;;x;;;,,,,,,,,,,,,,,
create_e_shiite;Become Caliph;Devenir Calife;Werdet Kalif;;Become Caliph;;;;;;;x;;;;,,,,,,,,,,,,,,
create_e_shiite_desc;The Shia Caliphate has fallen, but there is yet hope for the faith. With enough influence and piety we could declare ourselves the heir to the Caliphate and create a new Shia Caliphate.;Le Califat Chiite est tombé, mais il y a désormais un espoir pour la foi. Avec assez d'influence et de piété nous pourrions nous proclamer héritier du Califat et créer un nouveau Califat Chiite.;Das Schiitisches Kalifat ist gefallen, aber es gibt noch Hoffnung für den Glauben. Mit genug Einfluss und Gläubigkeit konnten wir uns als Erbe des Kalifat erklären und ein neues schiitisches Kalifat schaffen.;;The Shia Caliphate has fallen, but there is yet hope for the faith. With enough influence and piety we could declare ourselves the heir to the Caliphate and create a new Shia Caliphate.;;;;;;;x;;;;,,,,,,,,,,
create_e_sunni;Become Caliph;Devenir Calife;Werdet Kalif;;Become Caliph;;;;;;;x;;;;,,,,,,,,,,,,,,
create_e_sunni_desc;The Sunni Caliphate has fallen, but there is yet hope for the faith. With enough influence and piety we could declare ourselves the heir to the Caliphate and create a new Sunni Caliphate.;Le Califat Sunnite est tombé, mais il y a désormais un espoir pour la foi. Avec assez d'influence et de piété nous pourrions nous proclamer héritier du Califat et créer un nouveau Califat Sunnite.;Das Sunnitiche Kalifat ist gefallen, aber es gibt noch Hoffnung für den Glauben. Mit genug Einfluss und Gläubigkeit konnten wir uns als Erbe des Kalifat erklären und ein neues Sunnitiche Kalifat schaffen.;;The Sunni Caliphate has fallen, but there is yet hope for the faith. With enough influence and piety we could declare ourselves the heir to the Caliphate and create a new Sunni Caliphate.;;;;;;;x;;;;,,,,,,,,,,
employ_chancellor;Invite Chancellor to Court;Inviter un Chancelier à la Cour;Kanzler an den Hof laden;;Invite Chancellor to Court;;;;;;;x;;;;,,,,,,,,,,,,,,
employ_chancellor_desc;Invite a promising nobleman to court, to aid with diplomatic affairs.;Inviter un noble prometteur à la Cour, pour vous assister en matière diplomatique.;Laden Sie einen viel versprechenden Adligen in den Rat ein, um bei diplomatischen Angelegenheiten zu helfen.;;Invite a promising nobleman to court, to aid with diplomatic affairs.;;;;;;;x;;;;,,,,,,,,,,
employ_court_jester;Hire a Court Jester;Engager un Bouffon à la cour;Hire a Court Jester;;Hire a Court Jester;;;;;;;;;x,,,,,,,,,,,,,,
employ_court_jester_desc;Hire a promising fool to keep my court entertained.;Engager un bouffon prometteur pour amuser ma cour.;Hire a promising fool to keep my court entertained.;;Hire a promising fool to keep my court entertained.;;;;;;;;;x,,,,,,,,,,,,,,
employ_marshal;Invite Marshal to Court;Inviter un Maréchal à la Cour.;Marschall an den Hof laden;;Invite Marshal to Court;;;;;;;x;;;;,,,,,,,,,,,,,,
employ_marshal_desc;Invite a promising nobleman to court, to help train your armies.;Inviter un noble prometteur à la Cour, pour vous aider à entraisner vos hommes d'armes.;Laden Sie einen viel versprechenden Adligen in den Rat ein, um dabei zu helfen unsere Armee auszubilden.;;Invite a promising nobleman to court, to help train your armies.;;;;;;;x;;,,,,,,,,,,
employ_spymaster;Invite Spymaster to Court;Inviter un Maistre-Espion à la Cour;Hofspitzel an den Hof laden;;Invite Spymaster to Court;;;;;;;x;;,,,,,,,,,,,,,,
employ_spymaster_desc;Invite a promising nobleman to court, to help run your spy network.;Inviter un noble prometteur à la Cour, pour vous aider à diriger votre réseau d'espions.;Laden Sie einen Hofspitzel in den Rat ein der uns hilft ein Spitzelnetzwerk aufzubauen.;;Invite a promising nobleman to court, to help run your spy network.;;;;;;;x;;;;,,,,,,,,,,,
employ_steward;Invite Steward to Court;Inviter un Intendant à la Cour;Kämmerer an den Hof laden;;Invite Steward to Court;;;;;;;x;;,,,,,,,,,,,,,,
employ_steward_desc;Invite a promising nobleman to court, to aid with matters of administration.;Inviter un noble prometteur à la Cour, pour vous assister en matière d'administration.;Laden Sie einen viel versprechenden Adligen in den Rat ein, um in Regierungsangelegenheiten zu helfen.;;Invite a promising nobleman to court, to aid with matters of administration.;;;;;;;x;;;;,,,,,,,,,,
expelled_ansar;Expelled the Ansar;Confrérie des Bektachis expulsée;Den Orden der Bektaschi vertrieben;;Orden Ansar expulsada;;;;;;;;;x;;,,,,,,,,,,,,,,
expel_the_ansar;Expel the Ansar;Expulser la Confrérie des Bektachis;Vertreibt den Orden der Bektaschi;;Expulsar a la Orden Ansar;;;;;;;;;x;;,,,,,,,,,,,,,,
expel_the_ansar_desc;I can drive the Ansar from my realm and seize their castles. However, it is a very impious thing to do...;Je puis expulser la Confrérie des Bektachis de mon territoire et prendre possession de leurs castels. Ce seroit par contre un acte très impie...;Ich kann den Orden der Bektaschi aus meinem Reich vertreiben und mir ihre Burgen aneignen. Das ist jedoch eine sehr unfromme Tat...;;Puedo echar a la Orden Ansar de mi reino y apoderarme de sus castillos. Sin embargo, es una acción muy impía...;;;;;;;;;x,,,,,,,,,,,,
extend_finland;Claim Kola for Finland;Claim Kola for Finland;Claim Kola for Finland;;Claim Kola for Finland;;;;;;;;;x,,,,,,,,,,,,,,
extend_finland_desc;The tribal lands of Kola are rightfully part of Finland's de jure territory.;The tribal lands of Kola are rightfully part of Finland's de jure territory.;The tribal lands of Kola are rightfully part of Finland's de jure territory.;;The tribal lands of Kola are rightfully part of Finland's de jure territory.;;;;;;;;;x,,,,,,,,,,,,,,
feast_0;Plan a Feast;Organiser un banquet;Großes Fest planen;;Plan a Feast;;;;;;;;;x;;,,,,,,,,,,,,,,
feast_0_desc;In winter we shall hold the biggest feast ever seen in the realm!;En hiver nous allons organiser le plus grand banquet du royaume !;Im Winter sollten wir das größte Fest unseres Reiches veranstalten!;;In winter we shall hold the biggest feast ever seen in the realm!;;;;;;;;;x;;,,,,,,,,,,,,,,
feast_1;Plan a Feast;Organiser un banquet;Gelage abhalten;;Celebrar un banquete;;;;;;;;;x;;,,,,,,,,,,,,,,
feast_1_desc;In winter we shall hold the biggest feast ever seen in the Kingdom!;Organisez le plus grand banquet du royaume !;Veranstaltet das größte Gelage, das das Königreich je gesehen hat!;;¡Celebra el banquete más grande jamás visto en el reino!;;;;;;;;;x;;,,,,,,,,,,,,,
feast_2;Plan a Feast;Organiser un banquet;Gelage abhalten;;Celebrar un banquete;;;;;;;;;x;;,,,,,,,,,,,,,,
feast_2_desc;In winter we shall hold the biggest feast ever seen in the Kingdom!;Organisez le plus grand banquet du royaume !;Veranstaltet das größte Gelage, das das Königreich je gesehen hat!;;¡Celebra el banquete más grande jamás visto en el reino!;;;;;;;;;x;;,,,,,,,,,,,,,
fianna_organized;The Fianna is formed.;Les Fianna sont créés.;The Fianna is formed.;;The Fianna is formed.;;;;;;;;;x,,,,,,,,,,,,,,
gwydion_organized;The Gwydion is formed.;Le Gwydion est formé.;The Gwydion is formed.;;The Gwydion is formed.;;;;;;;;;x,,,,,,,,,,,,,,
give_to_charity;Give to Charity;Donner à la charité;Geben Sie Wohltätigkeit;;Give to Charity;;;;;;;;;x,,,,,,,,,,,,,,
give_to_charity_desc;Give a voluntary donation to [Root.Religion.GetName] charities.;Faites un don volontaire aulx oeuvres de charité de [Root.Religion.GetName].;Give a voluntary donation to [Root.Religion.GetName] charities.;;Give a voluntary donation to [Root.Religion.GetName] charities.;;;;;;;;;x;;,,,,,,,,,,,,,,
gone_pagan;Adopt the Old Ways;Adopter la Religion du pays;Adopt the Old Ways;;Adopt the Old Ways;;;;;;;;;x,,,,,,,,,,,,,,
gone_pagan_zoroastrian;Adopt the Old Ways;Adopter la Religion du pays;Adopt the Old Ways;;Adopt the Old Ways;;;;;;;;;x,,,,,,,,,,,,,,
gone_pagan_celtic_norse;Adopt the Old Ways;Adopter la Religion du pays;Adopt the Old Ways;;Adopt the Old Ways;;;;;;;;;x,,,,,,,,,,,,,,
gone_pagan_baltic_finnic;Adopt the Old Ways;Adopter la Religion du pays;Adopt the Old Ways;;Adopt the Old Ways;;;;;;;;;x,,,,,,,,,,,,,,
gone_pagan_tengri;Adopt the Old Ways;Adopter la Religion du pays;Adopt the Old Ways;;Adopt the Old Ways;;;;;;;;;x,,,,,,,,,,,,,,
gone_pagan_aztec;Adopt the Old Ways;Adopter la Religion du pays;Adopt the Old Ways;;Adopt the Old Ways;;;;;;;;;x,,,,,,,,,,,,,,
gone_pagan_slavic;Adopt the Old Ways;Adopter la Religion du pays;Adopt the Old Ways;;Adopt the Old Ways;;;;;;;;;x,,,,,,,,,,,,,,
gone_pagan_african;Adopt the Old Ways;Adopter la Religion du pays;Adopt the Old Ways;;Adopt the Old Ways;;;;;;;;;x,,,,,,,,,,,,,,
gone_pagan_egyptian;Adopt the Old Ways;Adopter la Religion du pays;Adopt the Old Ways;;Adopt the Old Ways;;;;;;;;;x,,,,,,,,,,,,,,
gone_pagan_judaic;Adopt the Old Ways;Adopter la Religion du pays;Adopt the Old Ways;;Adopt the Old Ways;;;;;;;;;x,,,,,,,,,,,,,,
gone_pagan_hellenic;Adopt the Old Ways;Adopter la Religion du pays;Adopt the Old Ways;;Adopt the Old Ways;;;;;;;;;x,,,,,,,,,,,,,,
gone_pagan_ctt;One of the following must be true:\n- The §YMoral Authority§! of your religion must be below §R10§!\n- There must be a pagan province in your demesne that is relevant to your culture, in addition to the §YMoral Authority§! of your religion being below §R20§!\n- You must be a lunatic and the §YMoral Authority§! of your religion must be below §R40§!;Une des conditions suivantes doit estre remplie :\n- L'§YAutorité Morale§! de votre religion doit estre inférieure à §R10§!\n- Il doit y avoir une province païenne dans votre domaine qui est proche de votre culture, en plus d'avoir l'§YAutorité Morale§! de votre religion en-dessous de §R20§!\n- vous devez estre dément et l'§YAutorité Morale§! de votre religion doit estre inférieure à §R40§!;One of the following must be true:\n- The §YMoral Authority§! of your religion must be below §R10§!\n- There must be a pagan province in your demesne that is relevant to your culture, in addition to the §YMoral Authority§! of your religion being below §R20§!\n- You must be a lunatic and the §YMoral Authority§! of your religion must be below §R40§!;;One of the following must be true:\n- The §YMoral Authority§! of your religion must be below §R10§!\n- There must be a pagan province in your demesne that is relevant to your culture, in addition to the §YMoral Authority§! of your religion being below §R20§!\n- You must be a lunatic and the §YMoral Authority§! of your religion must be below §R40§!;;;;;;;;;x,,,,,,,,,,,,,,
gone_pagan_desc;Adopt your culture's native religion.;Adopter la religion d'origine et votre culture.;Adopt your culture's native religion.;;Adopt your culture's native religion.;;;;;;;;;x,,,,,,,,,,,,,,
gone_pagan_zoroastrian_desc;Adopt your culture's native religion.;Adopter la religion d'origine et votre culture.;Adopt your culture's native religion.;;Adopt your culture's native religion.;;;;;;;;;x,,,,,,,,,,,,,,
gone_pagan_celtic_norse_desc;Adopt your culture's native religion.;Adopter la religion d'origine et votre culture.;Adopt your culture's native religion.;;Adopt your culture's native religion.;;;;;;;;;x,,,,,,,,,,,,,,
gone_pagan_baltic_finnic_desc;Adopt your culture's native religion.;Adopter la religion d'origine et votre culture.;Adopt your culture's native religion.;;Adopt your culture's native religion.;;;;;;;;;x,,,,,,,,,,,,,,
gone_pagan_tengri_desc;Adopt your culture's native religion.;Adopter la religion d'origine et votre culture.;Adopt your culture's native religion.;;Adopt your culture's native religion.;;;;;;;;;x,,,,,,,,,,,,,,
gone_pagan_aztec_desc;Adopt your culture's native religion.;Adopter la religion d'origine et votre culture.;Adopt your culture's native religion.;;Adopt your culture's native religion.;;;;;;;;;x,,,,,,,,,,,,,,
gone_pagan_slavic_desc;Adopt your culture's native religion.;Adopter la religion d'origine et votre culture.;Adopt your culture's native religion.;;Adopt your culture's native religion.;;;;;;;;;x,,,,,,,,,,,,,,
gone_pagan_african_desc;Adopt your culture's native religion.;Adopter la religion d'origine et votre culture.;Adopt your culture's native religion.;;Adopt your culture's native religion.;;;;;;;;;x,,,,,,,,,,,,,,
gone_pagan_egyptian_desc;Adopt your culture's native religion.;Adopter la religion d'origine et votre culture.;Adopt your culture's native religion.;;Adopt your culture's native religion.;;;;;;;;;x,,,,,,,,,,,,,,
gone_pagan_judaic_desc;Adopt your culture's native religion.;Adopter la religion d'origine et votre culture.;Adopt your culture's native religion.;;Adopt your culture's native religion.;;;;;;;;;x,,,,,,,,,,,,,,
gone_pagan_hellenic_desc;Adopt your culture's native religion.;Adopter la religion d'origine et votre culture.;Adopt your culture's native religion.;;Adopt your culture's native religion.;;;;;;;;;x,,,,,,,,,,,,,,
go_on_hajj_1;Go on Hajj to Mecca;Partir en pèlerinage à La Mecque;Geht auf Hadsch nach Mekka;;Ir al Hajj a La Meca;;;;;;;;;x;;,,,,,,,,,,,,,,
go_on_hajj_1_desc;Going on a pilgrimage to Mecca is one of the pillars of Islam, and this is something every able-bodied Muslim is expected to do once in his life.;Réaliser un pèlerinage à La Mecque fait partie des cinq piliers de l'Islam. C'est une chose que tout musulman valide se doit de faire au moins une fois dans sa vie.;Auf Wallfahrt nach Mekka zu gehen, ist eine der Säulen des Islam und es ist etwas,was von jedem nicht beeinträchtigten Moslem einmal in seinem Leben erwartet wird.;;Ir de peregrinación hacia La Meca es uno de los pilares del islam, y es algo que todo musulmán que esté en condiciones físicas de hacerlo debe hacer una vez en su vida.;;;;;;;;;x;;,,,,,,,,,,
go_on_hajj_2;Go on Hajj to Mecca;Partir en pèlerinage à La Mecque;Geht auf Hadsch nach Mekka;;Ir al Hajj a La Meca;;;;;;;;;x;;,,,,,,,,,,,,,,
go_on_hajj_2_desc;Going on a pilgrimage to Mecca is one of the pillars of Islam, and this is something every able-bodied Muslim is expected to do once in his life.;Réaliser un pèlerinage à La Mecque fait partie des cinq piliers de l'Islam. C'est une chose que tout musulman valide se doit de faire au moins une fois dans sa vie.;Auf Wallfahrt nach Mekka zu gehen, ist eine der Säulen des Islam und es ist etwas,was von jedem nicht beeinträchtigten Moslem einmal in seinem Leben erwartet wird.;;Ir de peregrinación hacia La Meca es uno de los pilares del islam, y es algo que todo musulmán que esté en condiciones físicas de hacerlo debe hacer una vez en su vida.;;;;;;;;;x;;,,,,,,,,,,
grant_estate;Grant Estates;Octroyer des domaines;Anwesen Gewähren;;Grant Estates;;;;;;;;;x;;,,,,,,,,,,,,,,
grant_estate_desc;Grant landed estates to this character. This will give them a monthly revenue and make them more loyal to you.;Octroyer des domaines terriens aulx personnages. Cela leur garantit des revenus mensuels et les rend plus loyaulx envers vous.;Gewähre Anwesen an dieser Person. Dies wird ihnen monatliche Einkünfte geben sowohol als auch ihnen euch treuer machen;;Grant landed estates to this character. This will give them a monthly revenue and make them more loyal to you.;;;;;;;;;x;;,,,,,,,,,,,,,,
grant_independence;Grant Independence;Octroyer l'indépendance.;Unabhängigkeit gewähren;;Grant Independence;;;;;;;;;x;;,,,,,,,,,,,,,,
grant_independence_desc;Break our vassal contract with this character. This will cost us some prestige and greatly damage our mutual relations.;Briser le serment vassalique avec cette personne. Cela vous coustera du prestige et déteriorera grandement vos relations mutuelles.;Breche unseren Vasall-Vertrag mit diesem Charakter. Das wird uns etwas Prestige kosten und außerordentlich unsere gegenseitigen Beziehungen beschädigen.;;Break our vassal contract with this character. This will cost us some prestige and greatly damage our mutual relations.;;;;;;;;;x,,,,,,,,,,,,,,
hold_an_aonach_tailteann;Hold Aonach Tailteann;Organiser l'Aonach Tailteann;Hold Aonach Tailteann;;Hold Aonach Tailteann;;;;;;;;;x,,,,,,,,,,,,,,
hold_an_aonach_tailteann_desc;The games were founded, by Lugh Lámhfhada, the Ollamh Érenn, as a mourning ceremony for the death of his foster-mother Tailtiu, the event is held during the last fortnight of July and culminates with the celebration of Lughnasadh.;Les jeulx furent fondés par Lugh Lámhfhada, l'Ollamh Érenn, comme  une cérémonie de deuil pour sa mère adoptive Tailtiu. L'événement a lieu durant les deulx dernières semaines de juillet et culmine avec la célébration de Lughnasadh.;The games were founded, by Lugh Lámhfhada, the Ollamh Érenn, as a mourning ceremony for the death of his foster-mother Tailtiu, the event is held during the last fortnight of July and culminates with the celebration of Lughnasadh.;;The games were founded, by Lugh Lámhfhada, the Ollamh Érenn, as a mourning ceremony for the death of his foster-mother Tailtiu, the event is held during the last fortnight of July and culminates with the celebration of Lughnasadh.;;;;;;;;;x
hold_divination;Hold a divination!;Tenir une divination;Haltet ein Blót ab;;Celebrar una Gran Mancha;;;;;;;;;x;;,,,,,,,,,,,,,,
hold_divination_desc;Hold a divination together with your vassals and offer sacrifice to the gods to divine our future. This can only be done every fifth year.;Tenez une divination accompagné de vos vassaulx et offrez des sacrifices aulx dieulx afin d'apprendre ce que nous réserve l'avenir. Cela ne se fait qu'une fois à tous les cinq ans.;Haltet mit Euren Vasallen ein Blót ab und dankt den Göttern für gute Ernten und Erfolge auf dem Schlachtfeld. Dies kann nur jedes neunte Jahr durchgeführt werden.;;Celebrar una gran mancha junto con tus vasallos y ofrecer sacrificios a los dioses por buenas cosechas y el éxito en el campo de batalla. Esto sólo puede hacerse cada nueve años.;;;;;;;;;x,,,,,,,,,,,,,,
hold_grand_banquet;Hold a Grand Banquet;Tenir un Grand Banquet;Hold a Grand Banquet;;Hold a Grand Banquet;;;;;;;;;,,,,,,,,,,,,,,
hold_grand_banquet_desc;Begin planning to hold a grand banquet, inviting all vassals and noteable neighbours to your event.;Commencer à planifier la tenue d'un grand banquet, en invitant tous vos vassaulx et vos voisins notables à l'événement.;;;;;;;;;;;;,,,,,,,,,,,,
hold_grand_hunt_0;Plan a Grand Hunt;Participer à une grande partie de chasse;Auf eine Hofjagd gehen;;Únete a una gran cacería;;;;;;;;;x;;,,,,,,,,,,,,,,
hold_grand_hunt_0_desc;In autumn we shall go on a Grand Hunt with the best hunters in our domains!;Participez à une grande partie de chasse avec les meilleurs chasseurs de nos domaines !;Mit den besten Jägern unserer Domänen auf eine Hofjagd gehen!;;¡Ve a una gran cacería con los mejores cazadores de nuestros dominios!;;;;;;;;;x;;,,,,,,,,,,,,,,
hold_grand_hunt_1;Plan a Grand Hunt;Participer à une grande partie de chasse;Auf eine Hofjagd gehen;;Únete a una gran cacería;;;;;;;;;x;;,,,,,,,,,,,,,,
hold_grand_hunt_1_desc;In autumn we shall go on a Grand Hunt with the best hunters in our domains!;Participez à une grande partie de chasse avec les meilleurs chasseurs de nos domaines !;Mit den besten Jägern unserer Domänen auf eine Hofjagd gehen!;;¡Ve a una gran cacería con los mejores cazadores de nuestros dominios!;;;;;;;;;x;;,,,,,,,,,,,,,,
hold_grand_hunt_2;Plan a Grand Hunt;Participer à une grande partie de chasse;Auf eine Hofjagd gehen;;Únete a una gran cacería;;;;;;;;;x;;,,,,,,,,,,,,,,
hold_grand_hunt_2_desc;In autumn we shall go on a Grand Hunt with the best hunters in our domains!;Participez à une grande partie de chasse avec les meilleurs chasseurs de nos domaines !;Mit den besten Jägern unserer Domänen auf eine Hofjagd gehen!;;¡Ve a una gran cacería con los mejores cazadores de nuestros dominios!;;;;;;;;;x;;,,,,,,,,,,,,,,
honor_dead_tailteann;You wrap the votive offering in cloth that belonged to the deceased.;Vous envelopez la figurine à l'intérieur d'un tissu appartenant au défunt.;;;;;x;;;;;;;,,,,,,,,,,,,,,
kingdom_of_luxembourg;Kingdom of Luxembourg;Royaume du Luxembourg;Königreich von Luxembourg;;Reino de Luxembourg;;;;;;;;;x,,,,,,,,,,,,,,
kingdom_of_luxembourg_desc;This decision will officially recognize us as an independent kingdom.;Cette décision fera officiellement de nous un royaume indépendant.;Diese Entscheidung wird uns als ein unabhängiges Reich offiziell anerkennen.;;This decision will officially recognize us as an independent kingdom.;;;;;;;;;x,,,,,,,,,,,,,,
kingdom_of_tuscany;Kingdom of Tuscany;Royaume de Toscane;Königreich von Österreich;;Reino de Toscana;;;;;;;;;x;;,,,,,,,,,,,,,,
kingdom_of_tuscany_desc;This decision will officially recognize us as an independent kingdom.;Cette décision fera officiellement de nous un royaume indépendant.;Diese Entscheidung wird uns als ein unabhängiges Reich offiziell anerkennen.;;This decision will officially recognize us as an independent kingdom.;;;;;;;;;x,,,,,,,,,,,,,,
latin_empire;Latin Empire;Empire Latin;Lateinisches Kaiserreich;;Imperio Latino;;;;;;;;;x;;,,,,,,,,,,,,,,
latin_empire_desc;This decision will give you the Latin Emperor title.;Cette décision vous donnera le titre d'Empereur Latin.;Diese Entscheidung gibt Ihnen der Lateinisches Kaiserreichstitel.;;Esta decisión le dará el título Latino.;;;;;;;;;x,,,,,,,,,,,,,,
legitimized_me;Legitimized Me;M'a légitimé;Legitimiert Mich;;Legitimized Me;;;;;;;;;x;;,,,,,,,,,,,,,,
legitimize_bastard;Legitimize;Légitimer;Legitimieren;;Legitimar;;;;;;;;;x;;,,,,,,,,,,,,,,
legitimize_bastard_desc;Declare that this character is a legitimate child and not a bastard after all. Doing so will anger your immediate family.;Déclarer que ce personnage est un enfant légitime et non un bastard. Faire cela faschera vos proches;Erkläre, dass diese Person dein eheliches Kind ist und kein Bastard.;;Declare that this character is a legitimate child and not a bastard after all. Doing so will anger your immediate family.;;;;;;;;;x;;,,,,,,,,,,,,,
nominate_vestalis_decision;Nominate [Root.GetTitledFirstName] as Vestalis;Nommer [Root.GetTitledFirstName] comme Vestalis;Nominate [Root.GetTitledFirstName] as Vestalis;;Nominate [Root.GetTitledFirstName] as Vestalis;;;;;;;;;,,,,,,,,,,,,,,
nominate_vestalis_decision_desc;Nominate [Root.GetFirstName] for 30 years of dedicated service to the goddess Vesta.;Nommer [Root.GetFirstName] au service dévoué à la déesse Vesta pour 30 ans.;Nominate [Root.GetFirstName] for 30 years of dedicated service to the goddess Vesta.;;Nominate [Root.GetFirstName] for 30 years of dedicated service to the goddess Vesta.;;;;;;;;;,,,,,,,,,,,,,,
organise_braedralag;Found the Bræðralag;Fonder le Bræðralag;Found the Bræðralag;;Found the Bræðralag;;;;;;;;;,,,,,,,,,,,,,,
organise_braedralag-desc;Found the Bræðralag;Fonder le Bræðralag;Found the Bræðralag;;Found the Bræðralag;;;;;;;;;,,,,,,,,,,,,,,
organise_herculeans;Organize the Herculeans;Mettre sur pied les Herculéens;Organize the Herculeans;;Organize the Herculeans;;;;;;;;;,,,,,,,,,,,,,,
organise_herculeans_desc;Organize the Herculeans;Mettre sur pied les Herculéens;Organize the Herculeans;;Organize the Herculeans;;;;;;;;;,,,,,,,,,,,,,,
organise_sacred_band;Organize the Sacred Band;Mettre sur pied la Bande Sacrée;Organize the Sacred Band;;Organize the Sacred Band;;;;;;;;;,,,,,,,,,,,,,,
organise_sacred_band_desc;Organize the Sacred Band;Mettre sur pied la Bande Sacrée;Organize the Sacred Band;;Organize the Sacred Band;;;;;;;;;,,,,,,,,,,,,,,
organise_ulfhednar;Organize the Úlfheðnar;Mettre sur pied l'Úlfheðnar;Organize the Úlfheðnar;;Organize the Úlfheðnar;;;;;;;;;,,,,,,,,,,,,,,
organise_ulfhednar_desc;Organize the Úlfheðnar;Mettre sur pied l'Úlfheðnar;Organize the Úlfheðnar;;Organize the Úlfheðnar;;;;;;;;;,,,,,,,,,,,,,,
ORGANIZED_RELIGION;Organized Religion;Religion Organisée;Organisierte Religion;;Religión Organizada;;;;;;;;;x,,,,,,,,,,,,,,
organize_anubis;Organize the Anubis Guard;Mettre sur pied la Garde d'Anubis;Organize the Anubis Guard;;Organize the Anubis Guard;;;;;;;;;,,,,,,,,,,,,,,
organize_anubis_desc;Organize the Anubis Guard Holy Order;Mettre sur pied l'Ordre Saint de la Garde d'Anubis;Organize the Anubis Guard Holy Order;;Organize the Anubis Guard Holy Order;;;;;;;;;,,,,,,,,,,,,,,
organize_fianna;Organize the Fianna;Mettre sur pied les Fianna;Organize the Fianna;;Organize the Fianna;;;;;;;;;x,,,,,,,,,,,,,,
organize_fianna_desc;Recruit landless warriors into an elite band of brothers that will defend their fellow Gaels.;Recruter des guerriers sans terre et former un groupe d'élite de frères d'armes qui défendront les Gaels.;Recruit landless warriors into an elite band of brothers that will defend their fellow Gaels.;;Recruit landless warriors into an elite band of brothers that will defend their fellow Gaels.;;;;;;;;;x,,,,,,,,,,,,,,
organize_gwydion;Organize the Sons of Gwydion;Mettre sur pied les Fils de Gwydion;Organize the Sons of Gwydion;;Organize the Sons of Gwydion;;;;;;;;;x,,,,,,,,,,,,,,
organize_gwydion_desc;Recruit landless warriors into an elite band of brothers that will defend the great Britain.;Recruter des guerriers sans terre et former un groupe d'élite de frères d'armes qui défendront la Grande Bretagne.;Recruit landless warriors into an elite band of brothers that will defend the great Britain.;;Recruit landless warriors into an elite band of brothers that will defend the great Britain.;;;;;;;;;x,,,,,,,,,,,,,,
organize_horus;Organize the Horusian Guard;Mettre sur pied la Garde d'Horus;Organize the Horusian Guard;;Organize the Horusian Guard;;;;;;;;;,,,,,,,,,,,,,,
organize_horus_desc;Organize the Horusian Guard Holy Order;Mettre sur pied l'Ordre Saint de la Garde d'Horus;Organize the Horusian Guard Holy Order;;Organize the Horusian Guard Holy Order;;;;;;;;;,,,,,,,,,,,,,,
organize_varangian_guard;Organize the Varangian Guard;Organiser la Garde varègue.;Organisiert die Warägergarde;;Organiza la Guardia Varangiana;;;;;;;;;x;;,,,,,,,,,,,,,,
organize_varangian_guard_desc;Recruit Varangian warriors from the north into an elite unit that will serve as the personal guard of the [Root.GetTitle].;Recruter les guerriers varègues du nord pour former une unité d'élite qui servira de garde personnelle à [Root.GetTitle].;Rekrutiert Warägerkrieger aus dem Norden als Eliteeinheit, die als persönliche Leibwache für den [Root.GetTitle] dienen wird.;;Recluta guerreros Varangianos del norte para una unidad de élite que servirá como guardia personal del [Root.GetTitle].;;;;;;;;;x;;,,,,,,,,,,,,,
organize_zhayedan_1;Reorganise the first vasht of Zhayedan;Reformer la première vasht des Zhayedan;Reorganise the first vasht of Zhayedan;;Reorganise the first vasht of Zhayedan;;;;;;;;;x,,,,,,,,,,,,,,
organize_zhayedan_1_desc;Reorganise the first devision (vasht) of Zhayedan (Immortals) - a heavy cavalry unit to serve as the elite unit of the [Root.GetTitle].;Reformer la première division (vasht) des Zhayedan (Immortels) - une unité de cavalerie lourde qui constituera l'unité d'élite de [Root.GetTitle].;Reorganise the first devision (vasht) of Zhayedan (Immortals) - a heavy cavalry unit to serve as the elite unit of the [Root.GetTitle].;;Reorganise the first devision (vasht) of Zhayedan (Immortals) - a heavy cavalry unit to serve as the elite unit of the [Root.GetTitle].;;;;;;;;;x,,,,,,,,,,,,,,
organize_zhayedan_2;Reorganise the second vasht of Zhayedan;Reformer la seconde vasht des Zhayedan;Reorganise the second vasht of Zhayedan;;Reorganise the second vasht of Zhayedan;;;;;;;;;x,,,,,,,,,,,,,,
organize_zhayedan_2_desc;Reorganise the second devision (vasht) of Zhayedan (Immortals) - a heavy cavalry unit to serve as the elite unit of the [Root.GetTitle].;Reformer la seconde division (vasht) des Zhayedan (Immortels) - une unité de cavalerie lourde qui constituera l'unité d'élite de [Root.GetTitle].;Reorganise the second devision (vasht) of Zhayedan (Immortals) - a heavy cavalry unit to serve as the elite unit of the [Root.GetTitle].;;Reorganise the second devision (vasht) of Zhayedan (Immortals) - a heavy cavalry unit to serve as the elite unit of the [Root.GetTitle].;;;;;;;;;x,,,,,,,,,,,,,,
ottoman_empire;Ottoman Empire;Empire Ottoman;Osmanische Reich;;Imperio Otomano;;;;;;;;;x,,,,,,,,,,,,,,
ottoman_empire_desc;This decision will give you the Ottoman title.;Cette décision vous donnera le titre ottoman.;Diese Entscheidung gibt Ihnen der osmanischen Titel.;;Esta decisión le dará el título otomano.;;;;;;;;;x;;,,,,,,,,,,,,,,
pardon;Pardon;Pardonner;Entschludigung;;Pardon;;;;;;;;;x,,,,,,,,,,,,,,
pardon_desc;Pardon this character of all their crimes. This will remove cause for rightful imprisonment from plots, murders and treason.;Pardonner toutes ses félonies à ce personnage. Cette opération amnistiera légitimement cette personne en cas de peine d'emprisonnement pour complots, pour meurtres et pour trahison.;Verzeihen Sie diesme Charakter alle seine Verbrechen.;;Pardon this character of all their crimes. This will remove cause for rightful imprisonment from plots, murders and treason.;;;;;;;;;x,,,,,,,,,,,
plan_passover;Plan Passover;Préparer Pessa'h;Plan Passover;;Plan Passover;;;;;;;;;x,,,,,,,,,,,,,,
plan_passover_desc;Passover is celebrated every year to commemorate the liberation of the Israelite people from slavery in Egypt. Spend lavishly and invite your vassals to make this year's celebration one to be remembered!;On célèbre Pessa'h chaque année pour commémorer la libération du peuple juif de l'esclavage en Égypte. Dépensez sans compter et invitez vos vassaulx à la célébration de cette année, ils ne l'oublieront point !;Mit dem Pessach-Fest wird die Befreiung des israelitischen Volkes aus der ägyptischen Gefangenschaft gefeiert. Seit großzügig und ladet Eure Vasallen zu einem üppigen Fest ein, an das man sich noch lange erinnern wird!;;La Pascua Judía se celebra cada año para conmemorar la liberación del pueblo de Israel de la esclavitud en Egipto. ¡Prodígate e invita a tus vasallos para que la de este año sea una celebración digna de recordar!;;;;;;;;;x,,,,,,,,,,,,
ransom_all;Ransom All Prisoners;Rançonner Tous les Prisonniers;Ransom All Prisoners;;Ransom All Prisoners;;;;;;;;;x,,,,,,,,,,,,,,
ransom_all_desc;Make a ransom offer to all prisoners.;Faire une demande de rançon pour tous les prisonniers.;Make a ransom offer to all prisoners.;;Make a ransom offer to all prisoners.;;;;;;;;;x,,,,,,,,,,,,,,
ransom_all_tooltip;Character is asked to pay ransom.;Le Personnage fait face à une demande de rançon.;Character is asked to pay ransom.;;Character is asked to pay ransom.;;;;;;;;;x,,,,,,,,,,,,,,
ransom_nonvassal;Ransom All Non-Vassal Prisoners;Rançonner tous les Prisonniers qui ne sont point Vassaulx;Ransom All Non-Vassal Prisoners;;Ransom All Non-Vassal Prisoners;;;;;;;;;x,,,,,,,,,,,,,,
ransom_nonvassal_desc;Make a ransom offer to all nonvassal prisoners.;Faire une demande de rançon pour tous les prisonniers qui ne sont point des vassaulx;Make a ransom offer to all nonvassal prisoners.;;Make a ransom offer to all nonvassal prisoners.;;;;;;;;;x,,,,,,,,,,,,,,
ransom_nonvassal_tooltip;Character is asked to pay ransom.;Le personnage fait face à une demande de rançon.;Character is asked to pay ransom.;;Character is asked to pay ransom.;;;;;;;;;x,,,,,,,,,,,,,,
reaorganize_zoroastrianism;Reorganize the religious hierarchy;Réorganiser la hiérarchie religieuse;Reorganize the religious hierarchy;;Reorganize the religious hierarchy;;;;;;;;;x,,,,,,,,,,,,,,
reaorganize_zoroastrianism_desc;Rebuild the religous hierarchy of old by appointing a head to Zoroastrian church - Zorothustraema;Reformer la hiérarchie religieuse d'antan en nommant un chef religieulx à la teste de l'Eglise Zoroastrienne - Zorothustraema;Rebuild the religous hierarchy of old by appointing a head to Zoroastrian church - Zorothustraema;;Rebuild the religous hierarchy of old by appointing a head to Zoroastrian church - Zorothustraema;;;;;;;;;x,,,,,,,,,,,,,,
recreate_roman_empire;Recreate the Roman Empire;Recréer l'Empire Romain;Recreate the Roman Empire;;Recreate the Roman Empire;;;;;;;;;x,,,,,,,,,,,,,,
recreate_roman_empire_desc;If we were to hold all the core territories of the old empire, we could gain recognition as the true and rightful successor of the Roman State.;Si nous détenions tous les territoires qui formaient le coeur du vieil empire, nous pourrions estre reconnus comme les véritables et légitimes successeurs de l'Empire Romain.;If we were to hold all the core territories of the old empire, we could gain recognition as the true and rightful successor of the Roman State.;;If we were to hold all the core territories of the old empire, we could gain recognition as the true and rightful successor of the Roman State.;;;;;;;;;x,,,,,,,,,,
reinstate_celtic_rites;The Old Gods;Les Anciens Dieulx;The Old Gods;;The Old Gods;;;;;;;;;x,,,,,,,,,,,,,,
reinstate_celtic_rites_desc;With the help of our court wizard, we could reinstate much of the old celtic ways.;Avec l'aide de notre sorcier de la cour, nous pourrions réinstaurer la plupart des anciennes coutumes.;With the help of our court wizard, we could reinstate much of the old celtic ways.;;With the help of our court wizard, we could reinstate much of the old celtic ways.;;;;;;;;;x,,,,,,,,,,
restore_luxor;Restore Luxor Temple;Restaurer le Temple de Luxor;Restore Luxor Temple;;Restore Luxor Temple;;;;;;;;;,,,,,,,,,,,,,,
restore_luxor_desc;Restore Luxor Temple to its former glory.;Restaurer le Temple de Luxor à la hauteur de son lustre d'antan.;Restore Luxor Temple to its former glory.;;Restore Luxor Temple to its former glory.;;;;;;;;;,,,,,,,,,,,,,,
restore_priesthood_egyptian_pagan;Restore the Paragon Xroj;Restaurer le Parangon Xroj;Restore the Paragon Xroj;;Restore the Paragon Xroj;;;;;;;;;,,,,,,,,,,,,,,
restore_priesthood_egyptian_pagan_desc;Restore the Paragon Xroj;Restaurer le Parangon Xroj;Restore the Paragon Xroj;;Restore the Paragon Xroj;;;;;;;;;,,,,,,,,,,,,,,
restore_roman_empire_hre;Restore the Roman Empire;Rétablir l'Empire romain;Das Römische Reich wiederherstellen;;Reinstaurar el Imperio Romano;;;;;;;;;x;;,,,,,,,,,,,,,,
restore_roman_empire_hre_desc;If Rome, Constantinople, and other key territories of the old empire could be reclaimed, the Holy Roman Empire would win recognition in the eyes of the East as the true and rightful successor of the Roman State.;Si Rome, Constantinople, et d'aultres territoires-clé du vieil empire pouvoient revenir sous notre controsle, le Saint Empire Romain seroit reconnu en orient comme le véritable et légitime successeur de l'Empire Romain.;If Rome, Constantinople, and other key territories of the old empire could be reclaimed, the Holy Roman Empire would win recognition in the eyes of the East as the true and rightful successor of the Roman State.;;If Rome, Constantinople, and other key territories of the old empire could be reclaimed, the Holy Roman Empire would win recognition in the eyes of the East as the true and rightful successor of the Roman State.;;;;;;;;;x,,
restore_the_pontifex;Restore the Pontifex Maximus;Restaurer le Pontifex Maximus;Restore the Pontifex Maximus;;Restore the Pontifex Maximus;;;;;;;;;x,,,,,,,,,,,,,,
restore_the_pontifex_desc;Restore the Pontifex Maximus;Restaurer le Pontifex Maximus;Restore the Pontifex Maximus;;Restore the Pontifex Maximus;;;;;;;;;x,,,,,,,,,,,,,,
sicily_regained;Sicily Regained;La Sicile Reconquise;Sicily Regained;;Sicily Regained;;;;;;;;;,,,,,,,,,,,,,,
sicily_regained_desc;Sicily has been re-conquered! It is time to ask the pope for my promised crown.;La Sicile a été reconquise ! Il est temps de demander au Pape d'honorer sa promesse de me couronner.;Sicily has been re-conquered! It is time to ask the pope for my promised crown.;;Sicily has been re-conquered! It is time to ask the pope for my promised crown.;;;;;;;;;,,,,,,,,,,,,,,
summer_fair_0;Plan a Summer Fair;Organiser un festival d'été;Jahrmarkt planen;;Plan a Summer Fair;;;;;;;;;x;;,,,,,,,,,,,,,,
summer_fair_0_desc;The Summer Fair brings merchants, peddlers and all sorts of entertainment to your province.;Le Festival dété est loccasion dattirer marchands, colporteurs et aultres divertissements dans votre province.;Im Sommer bringt ein Jahrmarkt Händler, Hausierer und alle Arten von Unterhaltung in unsere Provinz.;;The Summer Fair brings merchants, peddlers and all sorts of entertainment to your province.;;;;;;;;;x,,,,,,,,,,
summer_fair_1;Plan a Summer Fair;Organiser un Festival dété;Sommerfest abhalten;;Celebrar una feria de verano;;;;;;;;;x;;,,,,,,,,,,,,,,
summer_fair_1_desc;The Summer Fair brings merchants, peddlers and all sorts of entertainment to your province.;Le Festival dété est loccasion dattirer marchands, colporteurs et aultres divertissements dans votre province.;Das Sommerfest bringt Kaufleute, fahrende Händler und allerlei Unterhalter in Eure Provinz.;;La feria de verano atrae a mercaderes, vendedores ambulantes y todo tipo de entretenimiento a tu provincia.;;;;;;;;;x,,,,,,,,,,
summer_fair_2;Plan a Summer Fair;Organiser un Festival dété;Sommerfest abhalten;;Celebrar una feria de verano;;;;;;;;;x;;,,,,,,,,,,,,,,
summer_fair_2_desc;The Summer Fair brings merchants, peddlers and all sorts of entertainment to your province.;Le Festival dété est loccasion dattirer marchands, colporteurs et aultres divertissements dans votre province.;Das Sommerfest bringt Kaufleute, fahrende Händler und allerlei Unterhalter in Eure Provinz.;;La feria de verano atrae a mercaderes, vendedores ambulantes y todo tipo de entretenimiento a tu provincia.;;;;;;;;;x,,,,,,,,,,
TAILTEANNTITLE;Aonach Tailteann;Aonach Tailteann;Aonach Tailteann;;Aonach Tailteann;;;;;;;;;x;;,,,,,,,,,,,,,,
tailteann_invite;You send invitations to the Aonach;Vous envoyez des invitations à l'Aonach;You send invitations to the Aonach;;You send invitations to the Aonach;;;;;;;;;x,,,,,,,,,,,,,,
take_loan;Take a Loan;Emprunter;Kredit nehmen;;Take a Loan;;;;;;;;;x;;,,,,,,,,,,,,,,
take_loan_desc;Take a five-year loan at 25% interest;Contractez un emprunt sur cinq ans à un taulx dintérest de 25%.;Ein Fünfjahresdarlehen zu 25% Zinsen aufnehmen;;Coge un préstamo de cinco años al 25% de interés;;;;;;;;;x;;,,,,,,,,,,,,,,
vassalize_desc;You can force any de jure vassal to swear fealty to you.;Vous pouvez forcer n'importe quel vassal de jure à vous jurer fidélité.;Ihr könnt einen de jure Vasallen dazu erzwingen, Euch die Gefolgschaft zu schwören.;;You can force any de jure vassal to swear fealty to you.;;;;;;;x;;;;,,,,,,,,,,,,,
vassal_blinding_decision_persian;As [Root.GetSheHe] is your prisoner, you may give the order to permanently blind [Root.GetTitledFirstName] and then setting [Root.GetHerHim] free. This is a common Persian way of dealing with political rivals without outright killing them, as a blind [Root.GetManWoman] is of little threat to the throne;Comme [Root.GetSheHe] est votre prisonnier, vous pouvez donner l'ordre d'aveugler irrémédiablement [Root.GetTitledFirstName] puis de le (la) libérer. C'est une façon assez courante chez les Perses de s'occuper de rivaulx politiques sans aller jusqu'à les occire, comme un(e) [Root.GetManWoman] aveugle ne représente guère de danger pour le trosne;As [Root.GetSheHe] is your prisoner, you may give the order to permanently blind [Root.GetTitledFirstName] and then setting [Root.GetHerHim] free. This is a common Persian way of dealing with political rivals without outright killing them, as a blind [Root.GetManWoman] is of little threat to the throne;;As [Root.GetSheHe] is your prisoner, you may give the order to permanently blind [Root.GetTitledFirstName] and then setting [Root.GetHerHim] free. This is a common Persian way of dealing with political rivals without outright killing them, as a blind [Root.GetManWoman] is of little threat to the throne;;;;;;;;;x,,,,,,
create_kingdomofalbania;Create the Kingdom of Albania;FRENCH;GERMAN;;SPANISH;;;;;;;;;x
create_kingdomofalbania_desc;Create the Kingdom of Albania;FRENCH;GERMAN;;SPANISH;;;;;;;;;x
