#CODE;ENGLISH;FRENCH;GERMAN;;SPANISH;;;;;;;;;x,,,,
AI_EVENT;AI_EVENT;AI_EVENT;AI_EVENT;;AI_EVENT;;;;;;;;;,,,,,,,,,,,,,,,,,,,,,,,,,,,,,,,,,
EVTOPTC7255;Reveal the truth to all that will listen.;Reveal the truth to all that will listen.;Reveal the truth to all that will listen.;;Reveal the truth to all that will listen.;;;;;;;;;x,,,,
EVTDESC_Plus_100;I have decided to pardon [From.GetTitledName] of all [From.GetHerHis] crimes.;J'ai décidé de pardonner toutes ses félonies à [From.GetTitledName];I have decided to pardon [From.GetTitledName] of all [From.GetHerHis] crimes.;;I have decided to pardon [From.GetTitledName] of all [From.GetHerHis] crimes.;;;;;;;;;x,,,,
EVTOPTA_Plus_100;Mercy is a virtue;La pitié est une vertu;Mercy is a virtue;;Mercy is a virtue;;;;;;;;;x,,,,
EVTOPTB_Plus_100;Eh, never mind;Eh, peu importe;Eh, never mind;;Eh, never mind;;;;;;;;;x
EVTDESC_Plus_105;I have decided to grant estates and land to [From.GetFullName], but how much land will [From.GetSheHe] receive?;J'ai décidé de concéder des domaines et des terres à [From.GetFullName], mais combien de titres va-t-[From.GetSheHe] recevoir ?;Ich habe mich dazu beschlossen, Ländereien und Grundstücke an [From.GetFullName] zu gewähren, aber wie viel Land wird [From.GetSheHe] erhalten?;;I have decided to grant estates and land to [From.GetFullName], but how much land will [From.GetSheHe] receive?;;;;;;;;;x,,,,,,,,,,,,,,,,,,,,,,,,,,,,
EVTOPTA_Plus_105;A minor estate;Un domaine modeste;Einen kleinen Anwesen;;A minor estate;;;;;;;;;x,,,,,,,,,,,,,,,,,,,,,,,,,,,,,,,,,
EVTOPTB_Plus_105;A moderate estate;Un domaine moyen;Einen mäßigen Anwesen;;A moderate estate;;;;;;;;;x,,,,,,,,,,,,,,,,,,,,,,,,,,,,,,,,,
EVTOPTC_Plus_105;A large estate;Un grand domaine;Einen großen Anwesen;;A large estate;;;;;;;;;x,,,,,,,,,,,,,,,,,,,,,,,,,,,,,,,,,
EVTOPTD_Plus_105;None at all!;Rien du tout!;Überhaupt nichts!;;None at all!;;;;;;;;;x,,,,,,,,,,,,,,,,,,,,,,,,,,,,,,,,,
EVTDESC_Plus_107;Today, my [GetFromRelation] [From.GetFirstName] asked me for landed estates to live off...;Aujourd'hui, mon [GetFromRelation] [From.GetFirstName] m'a demandé la permission de quitter de castel familial et souhaiteroit que je lui accorde un domaine...;Heute hat mein [GetFromRelation] [From.GetFirstName] mich dazu gebittet [From.GetHerHim] Grundbesitz zu geben um davon zu Leben...;;Today, my [GetFromRelation] [From.GetFirstName] asked me for landed estates to live off...;;;;;;;;;x,,,,,,,,,,,,,,,,,,,,,,,,,,,,,,
EVTOPTA_Plus_107;I gave [From.GetHerHim] what [From.GetSheHe] wanted;Je lui ai donné ce qu'[From.GetSheHe] vouloit;Ich gabe [From.GetHerHim] was [From.GetSheHe] wollte;;I gave [From.GetHerHim] what [From.GetSheHe] wanted;;;;;;;;;x,,,,,,,,,,,,,,,,,,,,,,,,,,,,,,,,,
EVTOPTB_Plus_107;I told [From.GetHerHim] I could not afford it...;Je lui ai dit que je ne pouvois point me le permettre...;Ich sagte [From.GetHerHim] das ich es nicht gewähren könnte...;;I told [From.GetHerHim] I could not afford it...;;;;;;;;;x,,,,,,,,,,,,,,,,,,,,,,,,,,,,,,,,,
EVTDESC_Plus_109;I have arranged for the sale of my old estates so that I can concentrate my wealth to the lands that I now hold.;Je me suis arrangé pour vendre mes anciens domaines afin que je puisse consacrer ma richesse aulx terres que je détiens.;Ich habe den Verkauf meinen alten Anwesen angeordnet, so dass ich meinen Reichtum zu den Ländern, die ich jetzt halte, zusammen sammeln kann.;;I have arranged for the sale of my old estates so that I can concentrate my wealth to the lands that I now hold.;;;;;;;;;x,,,,,,,,,,,,,,,,,,,,,,,,,,,,,,
EVTDESC_Plus_150;An opportunity has arisen to attempt the kidnapping of [Root.PlotTarget.GetTitledName]. My fellow plotters are just waiting for my signal to proceed.;Une occasion s'est présentée de tenter l'enlèvement de [Root.PlotTarget.GetTitledName]. Mes collègues conspirateurs n'attendent que mon signal pour commencer.;Eine Gelegenheit ist entstanden, um die Entführung von [Root.PlotTarget.GetTitledName] zu versuchen. Meine Verschwörer warten nur auf mein Signal, um fortzufahren.;;An opportunity has arisen to attempt the kidnapping of [Root.PlotTarget.GetTitledName]. My fellow plotters are just waiting for my signal to proceed.;;;;;;;;;x,,,,,,,,,,,,,,,,,,,,,,,,,,,,,,,
EVTOPTA_Plus_150;We strike after dark!;Nous frapperons à la nuit tombée !;Wir gehen nach Einbruch der Dunkelheit!;;We strike after dark!;;;;;;;;;x,,,,,,,,,,,,,,,,,,,,,,,,,,,,,,,,,
EVTOPTB_Plus_150;Wait for a better opportunity...;Attendre une meilleure opportunité ...;Warte auf eine bessere Gelegenheit;;Wait for a better opportunity...;;;;;;;;;x,,,,,,,,,,,,,,,,,,,,,,,,,,,,,,,,,
EVTDESC_Plus_151;As I was sleeping, [From.GetTitledFirstName] broke into my bedchamber and put a dagger to my throat. I was forced out into the courtyard, where [From.GetHerHis] co-conspirators were waiting on fast horses. [From.GetTitledFirstName] now has me locked up in the basement of [From.GetHerHis] manor and is demanding that I give [From.GetHerHim] the land [From.GetSheHe] considers rightfully [From.GetHerHis]. If I refuse, [From.GetSheHe] is threatening to kill me...;Alors que je dormois, [From.GetTitledFirstName] a pénétré dans ma chambre et m'a mis une dague sous le gosier. J'ai été conduit jusque dans la cour, où ses co-conspirateurs attendoient sur des montures fraisches. [From.GetTitledFirstName] m'a désormais enfermé au sous-sol de son castel et m'a demandé de lui donner la terre qu'[From.GetSheHe] considère comme son droit légitime. Si je refuse, [From.GetSheHe] m'a menacé de m'occire...;Während ich schlief, brach [From.GetTitledFirstName] in meine Kammer ein und setze mir einen Dolch an die Kehle. Ich wurde in den Innenhof gebracht wo bereits [From.GetHerHis]e Mitverschwörer mit schnellen Pferden warteten. [From.GetTitledFirstName] kerkerte mich im Verlies von [From.GetHerHis] ein und verlangte, dass ich [From.GetHerHim] die Ländereien von [From.GetHerHim] an [From.GetSheHe] übergebe, die rechtmäßig [From.GetHerHis] gehören. Wenn ich mich weigere, droht [From.GetSheHe], mich zu töten.;;As I was sleeping, [From.GetTitledFirstName] broke into my bedchamber and put a dagger to my throat. I was forced out into the courtyard, where [From.GetHerHis] co-conspirators were waiting on fast horses. [From.GetTitledFirstName] now has me locked up in the basement of [From.GetHerHis] manor and is demanding that I give [From.GetHerHim] the land [From.GetSheHe] considers rightfully [From.GetHerHis]. If I refuse, [From.GetSheHe] is threatening to kill me...;;;;;;;x;;,,,,,,,,,,,,,,,,,,,
EVTOPTA_Plus_151;Take the land, just don't kill me!;Prenez ces terres, mais ne me tuez point !;Nim mein Land , aber töte mich nicht !;;Take the land, just don't kill me!;;;;;;;x;;,,,,,,,,,,,,,,,,,,,,,,,,,,,,,
EVTOPTB_Plus_151;I do not give in to threats;Je ne cède point aulx menaces;Ich gebe Drohungen nicht nach;;I do not give in to threats;;;;;;;x;;,,,,,,,,,,,,,,,,,,,,,,,,,,,,,,,,,
EVTDESC_Plus_152;My guards caught [From.GetTitledFirstName] just as [From.GetSheHe] was about to break into my bedchamber, dagger in hand. Under interrogation, [From.GetSheHe] has confessed to planning to kidnap me to force me to give [From.GetHerHim] lands and a title.;Mes gardent ont attrapé [From.GetTitledFirstName] juste au moment où [From.GetSheHe] allait pénétrer dans ma chambre, dague à la main. Sous la question,[From.GetSheHe] a confessé son projet de m'enlever pour me forcer à lui donner des terres et un titre.;Meine Wachen schnappten [From.GetTitledFirstName] gerade als [From.GetSheHe]  versuchte in meine Gemächer einzudringen. Mit einem Dolch in der Hand !. Im Verhör gstand  [From.GetSheHe] das er plante mich zu kidnapen um mich zu zwingen Ländereien und Titel an [From.GetHerHim] zu geben.;;My guards caught [From.GetTitledFirstName] just as [From.GetSheHe] was about to break into my bedchamber, dagger in hand. Under interrogation, [From.GetSheHe] has confessed to planning to kidnap me to force me to give [From.GetHerHim] lands and a title.;;;;;;;x;;,,,,,,,,,,,,,,,,,,,,,,,,,,,
EVTOPTA_Plus_152;Let [From.GetHerHim] rot in jail;Laissez [From.GetHerHim] pourrir dans les geosles;Laßt [From.GetHerHim] im Kerker verrecken!;;Let [From.GetHerHim] rot in jail;;;;;;;x;;,,,,,,,,,,,,,,,,,,,,,,,,,,,,,,,,,
EVTOPTB_Plus_152;The punishment for treason is death!;Le chastiment pour trahison est la mort !;Die Strafe für den Verrat ist Tod!;;The punishment for treason is death!;;;;;;;x;;,,,,,,,,,,,,,,,,,,,,,,,,,,,,,,,,,
EVTOPTC_Plus_152;I will forgive [From.GetHerHim]... this time.;Je vais lui pardonner... Pour cette fois.;Ich vergebe [From.GetHerHim]... Diesmal!;;I will forgive [From.GetHerHim]... this time.;;;;;;;x;;,,,,,,,,,,,,,,,,,,,,,,,,,,,,,,,,,
EVTDESC_Plus_155;My co-conspirators send word that they have prepared everything we need to discredit [Root.PlotTarget.GetTitledFirstName]. Documents of [Root.PlotTarget.GetHerHis] corruption have been prepared, and courtiers have been bribed to whisper to [Root.Liege.GetTitledFirstName] of [Root.PlotTarget.GetHerHis]'s incompetence. With [Root.PlotTarget.GetHerHis] reputation in tatters, [Root.PlotTarget.GetTitledFirstName] will find it impossible to hold on to [Root.PlotTarget.GetHerHis] position on the council.;Mes co-conspirateurs m'ont prévenu qu'ils ont préparé tout ce qu'il faut pour discréditer [Root.PlotTarget.GetTitledFirstName]. Les documents compromettant ont été préparés, et les courtisans ont été soudoyés répandre des rumeurs à la cour de [Root.Liege.GetTitledFirstName]. Une fois sa réputation en lambeaulx, il ne lui sera plus possible de conserver son poste à la cour;Meine Mitverschwörer senden wort, dass sie alles das wir brauchen, um [Root.PlotTarget.GetTitledFirstName] zu diskreditieren haben. Dokumente um [Root.PlotTarget.GetHerHis] Korruption dar zu legen wurden hergestellt und Höflinge wurden bestochen an [Root.Liege.GetTitledFirstName] zu flüstern von [Root.PlotTarget.GetHerHis]'s Inkompetenz . Mit [Root.PlotTarget.GetHerHis] Ruf in Fetzen, wird [Root.PlotTarget.GetTitledFirstName] es unmöglich finden um [Root.PlotTarget.GetHerHis] Position auf dem Konzil zu halten.;;My co-conspirators send word that they have prepared everything we need to discredit [Root.PlotTarget.GetTitledFirstName]. Documents of [Root.PlotTarget.GetHerHis] corruption have been prepared, and courtiers have been bribed to whisper to [Root.Liege.GetTitledFirstName] of [Root.PlotTarget.GetHerHis]'s incompetence. With [Root.PlotTarget.GetHerHis] reputation in tatters, [Root.PlotTarget.GetTitledFirstName] will find it impossible to hold on to [Root.PlotTarget.GetHerHis] position on the council.;;;;;;;;;x,,,,,,,,,,,,,,,,,,,,,,,,
EVTOPTA_Plus_155;That position will be mine!;Ce poste sera mien !;Der Position wird mir gehören!;;That position will be mine!;;;;;;;;;x,,,,,,,,,,,,,,,,,,,,,,,,,,,,,,,,,
EVTDESC_Plus_156;I have found myself the target of a vicious campaign of slander at court. Rumors of incompetence and corruption have undermined the authority of my position, and it seems that even [Root.Liege.GetTitledName] have come to believe them as I have been removed from my position at the council.;Je me suis trouvé la cible d'une violente campagne de diffamation à la cour. Les rumeurs d'incompétence et de corruption ont miné ma réputation, et il semble que mesme le/la [Root.Liege.GetTitledName] en est venu à les croire que j'ai été démis de mes fonctions au conseil.;Ich bin das Ziel einer bösartigen Verleumdungskampagne bei Hof. Gerüchte von Inkompetenz und Korruption haben die Autorität meiner Position untergraben, und es scheint, dass auch [Root.Liege.GetTitledName] an die Entscheidung gekommen, sie zu glauben, als ich von meiner Position auf dem Konzil entfernt wurden.;;I have found myself the target of a vicious campaign of slander at court. Rumors of incompetence and corruption have undermined the authority of my position, and it seems that even [Root.Liege.GetTitledName] have come to believe them as I have been removed from my position at the council.;;;;;;;;;x,,,,,,,,,,,,,,,,,,,,,,,,,,
EVTOPTA_Plus_156;I am ruined!;Je suis ruiné!;Ich bin ruiniert!;;I am ruined!;;;;;;;;;x,,,,,,,,,,,,,,,,,,,,,,,,,,,,,,,,,
EVTDESC_Plus_157;The attempt to discredit [From.GetTitledFirstName] was a success! [Root.Liege.GetTitledFirstName] has dismissed [From.GetHerHim] from the council and [From.GetHerHis] position is now vacant and ready for me to occupy.;La tentative pour discréditer [From.GetTitledFirstName] a été un succès! [Root.Liege.GetTitledFirstName] l'a renvoyé du conseil, son poste est maintenant libre et prest pour mon investiture.;Der Versuch, [From.GetTitledFirstName] zu diskreditieren war erfolgreich! [Root.Liege.GetTitledFirstName] hat [From.GetHerHim] aus dem Rat abgewiesen und [From.GetHerHis] Position ist jetzt frei und bereit für mich zu besetzen.;;The attempt to discredit [From.GetTitledFirstName] was a success! [Root.Liege.GetTitledFirstName] has dismissed [From.GetHerHim] from the council and [From.GetHerHis] position is now vacant and ready for me to occupy.;;;;;;;;;x,,,,,,,,,,,,,,,,,,,,,,,,,,,,,,,
EVTOPTA_Plus_157;Excellent!;Excellent;Gut!;;Excellent!;;;;;;;;;x,,,,,,,,,,,,,,,,,,,,,,,,,,,,,,,,,
EVTDESC_Plus_158;Lately it seems that I have heard nothing but bad of [From.GetTitledFirstName], from whispers of incompetence at court to documents proving [From.GetHerHis] corruption slipped under my bedroom door at night. I refused to believe it at first, but in the end I could not deny the weight of the evidence and was forced to remove [From.GetTitledFirstName] from [From.GetHerHis] position at court.;Dernièrement, j'ai ouï des rumeurs quant à l'incompétence de [From.GetTitledFirstName]. La nuit sous ma porte, quelqu'un a glissé des documents prouvant son implication dans des affaires de corruption. J'ai refusé d'y croire au premier abord, mais finalement je ne pouvais nier l'évidence et j'ai été contraint de retirer à [From.GetTitledFirstName] son poste à la cour.;In letzter Zeit scheint es, dass ich nichts hörte, außer schlechtes von [From.GetTitledFirstName]. Von Flüstern der Inkompetenz am Hof, zur Dokumente von [From.GetHerHis] Korruption von die unter meiner Schlafzimmertür eines Nachtes geschlüpft wurde. Ich weigerte mich, es zuerst zu glauben, aber am Ende konnte ich es nicht leugnen. Das Gewicht der Beweismittel zwang mich [From.GetTitledFirstName] aus [From.GetHerHis] Stellung beim Hof zu entfernen.;;Lately it seems that I have heard nothing but bad of [From.GetTitledFirstName], from whispers of incompetence at court to documents proving [From.GetHerHis] corruption slipped under my bedroom door at night. I refused to believe it at first, but in the end I could not deny the weight of the evidence and was forced to remove [From.GetTitledFirstName] from [From.GetHerHis] position at court.;;;;;;;;;x,,,,,,,,,,,,,,,,,,,,,
EVTOPTA_Plus_158;It had to be done;Il falloit le faire;Es musste getan werden.;;It had to be done;;;;;;;;;x,,,,,,,,,,,,,,,,,,,,,,,,,,,,,,,,,
EVTDESC_Plus_159;I have found myself the target of a vicious campaign of slander at court. Whispers of incompetence and accusations of corruption have been directed at me, but fortunately [Root.Liege.GetTitledFirstName] have refused to give them credence and ordered an investigation into the source of the rumors. Although the investigation turned up nothing, my position at court is secure.;Je me suis trouvé la cible d'une violente campagne de diffamation à la cour. Des rumeurs d'incompétence et des accusations de corruption ont été dirigées contre moi, mais heureusement [Root.Liege.GetTitledFirstName] à refusé de leur donner créance et a ordonné une enqueste sur la source de ces rumeurs. Bien que l'enqueste n'a rien donné, ma position à la cour est sécurisée.;Ich habe mich das Ziel einer bösartigen Verleumdungskampagne beim Hof gefunden. Flüstern der Inkompetenz und vorwürfe der Korruptions sind mir angerichtet. Glücklicherweiser hat [Root.Liege.GetTitledFirstName] sich geweigert die Glaubwürdigkeit diese vorwürfe  zu würdigen und dazu geordnet eine Untersuchung der Quelle diese Gerüchte. Obwohl die Untersuchung nichts tauchte ist meine Position beim Hof sicher.;;I have found myself the target of a vicious campaign of slander at court. Whispers of incompetence and accusations of corruption have been directed at me, but fortunately [Root.Liege.GetTitledFirstName] have refused to give them credence and ordered an investigation into the source of the rumors. Although the investigation turned up nothing, my position at court is secure.;;;;;;;;;x,,,,,,,,,,,,,,,,,,,,,,,,,,,
EVTOPTA_Plus_159;Who could have instigated such an underhanded scheme?;Qui auroit pu tenter quelque chose d'aussi sournois ?;Who could have instigated such an underhanded scheme?;;Who could have instigated such an underhanded scheme?;;;;;;;;;x,,,,,,,,,,,,,,,,,,,,,,,,,,,,,,,,,
EVTDESC_Plus_160;Despite the rumors and accusations directed at [From.GetTitledFirstName], [Root.Liege.GetTitledFirstName] refused to dismiss [From.GetHerHim] from the council and has ordered an investigation into the source of the rumors. Fortunately, the investigation turned up no evidence of my involvement.;Malgré les rumeurs et accusations dirigées contre [From.GetTitledFirstName], [Root.Liege.GetTitledFirstName] a refusé de le renvoyer du conseil et a ordonné une enqueste sur la source de ces rumeurs. Heureusement, l'enqueste n'a mis à jour nulle preuve de mon implication.;Despite the rumors and accusations directed at [From.GetTitledFirstName], [Root.Liege.GetTitledFirstName] refused to dismiss [From.GetHerHim] from the council and has ordered an investigation into the source of the rumors. Fortunately, the investigation turned up no evidence of my involvement.;;Despite the rumors and accusations directed at [From.GetTitledFirstName], [Root.Liege.GetTitledFirstName] refused to dismiss [From.GetHerHim] from the council and has ordered an investigation into the source of the rumors. Fortunately, the investigation turned up no evidence of my involvement.;;;;;;;;;x,,,,,,,,,,,,,,,,,,,,,,,,,
EVTOPTA_Plus_160;It could have been worse...;Cela auroit pu estre pis...;Es hätte schlimmer sein können…;;It could have been worse...;;;;;;;;;x,,,,,,,,,,,,,,,,,,,,,,,,,,,,,,,,,
EVTDESC_Plus_161;Lately it seems that I have heard nothing but bad of [From.GetTitledFirstName], from whispers of incompetence at court to documents proving [From.GetHerHis] corruption slipped under my bedroom door at night. I refused to believe the accusations, and ordered an investigation into the source of the rumors. A thorough questioning of the court turned up nothing, but has at least put a stop to the slanderous accusations.;Dernièrement, j'ai ouï des rumeurs quant à l'incompétence de [From.GetTitledFirstName]. La nuit sous ma porte, quelqu'un a glissé des documents prouvant son implication dans des affaires de corruption. J'ai refusé de croire ces accusations et ordonné une enqueste sur la source de ces rumeurs. L'interrogatoire n'a rien donné, mais cela a au moins mis un terme aulx accusations calomnieuses.;Lately it seems that I have heard nothing but bad of [From.GetTitledFirstName], from whispers of incompetence at court to documents proving [From.GetHerHis] corruption slipped under my bedroom door at night. I refused to believe the accusations, and ordered an investigation into the source of the rumors. A thorough questioning of the court turned up nothing, but has at least put a stop to the slanderous accusations.;;Lately it seems that I have heard nothing but bad of [From.GetTitledFirstName], from whispers of incompetence at court to documents proving [From.GetHerHis] corruption slipped under my bedroom door at night. I refused to believe the accusations, and ordered an investigation into the source of the rumors. A thorough questioning of the court turned up nothing, but has at least put a stop to the slanderous accusations.;;;;;;;;;x,,,,,,,,,,,,,,,,,,,,,
EVTDESC_Plus_162;I have found myself the target of a vicious campaign of slander at court. Whispers of incompetence and accusations of corruption have been directed at me, but fortunately [Root.Liege.GetTitledFirstName] have refused to give them credence and ordered an investigation into their source which revealed the involvement [From.GetTitledName]...;Je me suis trouvé la cible d'une violente campagne de diffamation à la cour. Des rumeurs d'incompétence et des accusations de corruption ont été dirigées contre moi, mais heureusement [Root.Liege.GetTitledFirstName] a refusé de leur donner créance et a ordonné une enqueste sur la source de ces rumeurs. Un des conjurés a cédé pendant l'interrogatoire et a mentionné le nom de [From.GetTitledName] ...;I have found myself the target of a vicious campaign of slander at court. Whispers of incompetence and accusations of corruption have been directed at me, but fortunately [Root.Liege.GetTitledFirstName] have refused to give them credence and ordered an investigation into their source which revealed the involvement [From.GetTitledName]...;;I have found myself the target of a vicious campaign of slander at court. Whispers of incompetence and accusations of corruption have been directed at me, but fortunately [Root.Liege.GetTitledFirstName] have refused to give them credence and ordered an investigation into their source which revealed the involvement [From.GetTitledName]...;;;;;;;;;x,,,,,,,,,,,,,,,,,,,,,,,,,,,,,
EVTOPTA_Plus_162;[From.GetTitledFirstName] will pay for this!;[From.GetTitledFirstName] va payer pour cela !;[From.GetTitledFirstName] will pay for this!;;[From.GetTitledFirstName] will pay for this!;;;;;;;;;x,,,,,,,,,,,,,,,,,,,,,,,,,,,,,,,,,
EVTDESC_Plus_163;Despite the rumors and accusations directed at [From.GetTitledFirstName], [Root.Liege.GetTitledFirstName] refused to dismiss [From.GetHerHim] from the council. Even worse, [Root.Liege.GetFirstName] ordered an investigation into the source of the rumors, which turned up evidence of my involvement...;Malgré les rumeurs et accusations dirigées contre [From.GetTitledFirstName], [Root.Liege.GetTitledFirstName] a refusé de le renvoyer du conseil. Pis encor, [Root.Liege.GetFirstName] a ordonné une enqueste sur la source de ces rumeurs, qui à révélé mon implication...;Despite the rumors and accusations directed at [From.GetTitledFirstName], [Root.Liege.GetTitledFirstName] refused to dismiss [From.GetHerHim] from the council. Even worse, [Root.Liege.GetFirstName] ordered an investigation into the source of the rumors, which turned up evidence of my involvement...;;Despite the rumors and accusations directed at [From.GetTitledFirstName], [Root.Liege.GetTitledFirstName] refused to dismiss [From.GetHerHim] from the council. Even worse, [Root.Liege.GetFirstName] ordered an investigation into the source of the rumors, which turned up evidence of my involvement...;;;;;;;;;x,,,,,,,,,,,,,,,,,,,,,
EVTOPTA_Plus_163;[Root.Liege.GetTitledFirstName] is not pleased...;[Root.Liege.GetTitledFirstName] n'est point content ...;[Root.Liege.GetTitledFirstName] is not pleased...;;[Root.Liege.GetTitledFirstName] is not pleased...;;;;;;;;;x,,,,,,,,,,,,,,,,,,,,,,,,,,,,,,,,,
EVTDESC_Plus_164;Lately it seems that I have heard nothing but bad of [From.GetTitledFirstName], from whispers of incompetence at court to documents proving [From.GetHerHis] corruption slipped under my bedroom door at night. I refused to believe the accusations and ordered an investigation of their source which revealed the involvement of [FromFrom.GetTitledName];Dernièrement, j'ai ouï des rumeurs quant à l'incompétence de [From.GetTitledFirstName]. La nuit sous ma porte, quelqu'un a glissé des documents prouvant son implication dans des affaires de corruption. J'ai refusé de croire ces accusations et ordonné une enqueste sur la source de ces rumeurs. Un des conjurés a cédé pendant l'interrogatoire et a mentionné le nom de [From.GetTitledName] ...;Lately it seems that I have heard nothing but bad of [From.GetTitledFirstName], from whispers of incompetence at court to documents proving [From.GetHerHis] corruption slipped under my bedroom door at night. I refused to believe the accusations and ordered an investigation of their source which revealed the involvement of [FromFrom.GetTitledName]...;;Lately it seems that I have heard nothing but bad of [From.GetTitledFirstName], from whispers of incompetence at court to documents proving [From.GetHerHis] corruption slipped under my bedroom door at night. I refused to believe the accusations and ordered an investigation of their source which revealed the involvement of [FromFrom.GetTitledName];;;;;;;;;x,,,,,,,,,,,,,,,,,,,,,,,,,,,,
EVTOPTA_Plus_164;[FromFrom.GetTitledFirstName] will pay for this!;[From.GetTitledFirstName] va payer pour cela !;[FromFrom.GetTitledFirstName] will pay for this!;;[FromFrom.GetTitledFirstName] will pay for this!;;;;;;;;;x,,,,,,,,,,,,,,,,,,,,,,,,,,,,,,,,,
EVTDESC_Plus_170;The tithes and taxes for [Root.Liege.GetTitledFirstName] are on their way to [Root.Liege.GetHerHis] castle and my co-conspirators have bribed the guards not to notice if a chest or two should go 'missing'. Everything is ready for the robbery to proceed.;Le convoi transportant la dixme et les taxes collectées pour [Root.Liege.GetTitledFirstName] est sur le chemin du castel. Mes co-conspirateurs ont soudoyé les gardes afin qu'ils ne remarquent point l'éventuelle disparition d'un coffre ou deulx, tout est prest pour effectuer le vol.;The tithes and taxes for [Root.Liege.GetTitledFirstName] are on their way to [Root.Liege.GetHerHis] castle and my co-conspirators have bribed the guards not to notice if a chest or two should go 'missing'. Everything is ready for the robbery to proceed.;;The tithes and taxes for [Root.Liege.GetTitledFirstName] are on their way to [Root.Liege.GetHerHis] castle and my co-conspirators have bribed the guards not to notice if a chest or two should go 'missing'. Everything is ready for the robbery to proceed.;;;;;;;;;x,,,,,,,,,,,,,,,,,,,,,,,,,,,,,,,,
EVTOPTA_Plus_170;We'll all be rich!;A nous la richesse !;We'll all be rich!;;We'll all be rich!;;;;;;;;;x,,,,,,,,,,,,,,,,,,,,,,,,,,,,,,,,,
EVTDESC_Plus_171;The taxes and tithes due to me arrived at the castle today and were placed in the treasury. As I was inspecting the chests full of gold, it struck me that there seemed to be fewer of them than what had arrived earlier. A quick check of the treasurer's accounts revealed my worst fears...;Le convoi transportant les imposts et la dixme collectés est arrivé au castel aujourd'hui et les coffres ont été placés dans le trésor. Lorsque nous avons inspecté la livraison, il m'a semblé qu'il en manquait par rapport à la précédente perception. Une vérification rapide des comptes du trésorier a confirmé mes craintes...;The taxes and tithes due to me arrived at the castle today and were placed in the treasury. As I was inspecting the chests full of gold, it struck me that there seemed to be fewer of them than what had arrived earlier. A quick check of the treasurer's accounts revealed my worst fears...;;The taxes and tithes due to me arrived at the castle today and were placed in the treasury. As I was inspecting the chests full of gold, it struck me that there seemed to be fewer of them than what had arrived earlier. A quick check of the treasurer's accounts revealed my worst fears...;;;;;;;;;x,,,,,,,,,,,,,,,,,,,,,,,,,,,,,
EVTOPTA_Plus_171;I have been robbed!;On m'a volé !;I have been robbed!;;I have been robbed!;;;;;;;;;x,,,,,,,,,,,,,,,,,,,,,,,,,,,,,,,,,
EVTDESC_Plus_172;As the taxes were being hauled into the treasury, several large chests full of gold made their way onto the back of a wagon which left the castle unnoticed. The gold is now safely locked away in my treasury and my co-conspirators have all received their share.;Les taxes ont été transportées dans le trésor, plusieurs grands coffres pleins d'or ont fait leur chemin à l'arrière d'un wagon et ont quitté le castel inaperçu. L'or est désormais en toute sécurité et mes co-conspirateurs ont tous reçu leur part.;As the taxes were being hauled into the treasury, several large chests full of gold made their way onto the back of a wagon which left the castle unnoticed. The gold is now safely locked away in my treasury and my co-conspirators have all received their share.;;As the taxes were being hauled into the treasury, several large chests full of gold made their way onto the back of a wagon which left the castle unnoticed. The gold is now safely locked away in my treasury and my co-conspirators have all received their share.;;;;;;;;;x,,,,,,,,,,,,,,,,,,,,,,,,,,,,,
EVTOPTA_Plus_172;Everything went as planned!;Tout s'est passé comme prévu !;Everything went as planned!;;Everything went as planned!;;;;;;;;;x,,,,,,,,,,,,,,,,,,,,,,,,,,,,,,,,,
EVTDESC_Plus_173;I have received my share of the money embezzled by [From.GetTitledFirstName] from [From.Liege.GetTitledFirstName].;J'ai reçu ma part de l'argent de [From.GetTitledFirstName] détourné par  [From.Liege.GetTitledFirstName].;I have received my share of the money embezzled by [From.GetTitledFirstName] from [From.Liege.GetTitledFirstName].;;I have received my share of the money embezzled by [From.GetTitledFirstName] from [From.Liege.GetTitledFirstName].;;;;;;;;;x,,,,,,,,,,,,,,,,,,,,,,,,,,,,,,,,,
EVTDESC_Plus_174;The taxes and tithes due to me arrived at the castle today. As I was watching the money being carried into the treasury, I noticed some shadowy figures trying to make off with several chests full of gold. I had my guards seize them, and under questioning they revealed themselves to be in the employ of [From.GetTitledFirstName]. What shall be done with my thieving vassal?;Le convoi transportant la dixme et les taxes collectées arriva au castel aujourd'hui. Alors que je surveillois le transfert, j'ai remarqué quelques silhouettes qui tentoient de faire main basse sur plusieurs coffres pleins d'or. Je les ai mis sur-le-champ aulx fers et pendant l'interrogatoire, ils ont révélé estre à la solde de [From.GetTitledFirstName]. Que faire de ce vassal sournois ?;The taxes and tithes due to me arrived at the castle today. As I was watching the money being carried into the treasury, I noticed some shadowy figures trying to make off with several chests full of gold. I had my guards seize them, and under questioning they revealed themselves to be in the employ of [From.GetTitledFirstName]. What shall be done with my thieving vassal?;;The taxes and tithes due to me arrived at the castle today. As I was watching the money being carried into the treasury, I noticed some shadowy figures trying to make off with several chests full of gold. I had my guards seize them, and under questioning they revealed themselves to be in the employ of [From.GetTitledFirstName]. What shall be done with my thieving vassal?;;;;;;;;;x,,,,,,,,,,,,,,,,,,,,,,,,,
EVTOPTA_Plus_174;Throw [From.GetTitledFirstName] in irons!;Mettez [From.GetTitledFirstName] aulx fers!;Throw [From.GetTitledFirstName] in irons!;;Throw [From.GetTitledFirstName] in irons!;;;;;;;;;x,,,,,,,,,,,,,,,,,,,,,,,,,,,,,,,,,
EVTOPTB_Plus_174;Off with [From.GetHerHis] head!;Tranchez-lui la teste !;Off with [From.GetHerHis] head!;;Off with [From.GetHerHis] head!;;;;;;;;;x,,,,,,,,,,,,,,,,,,,,,,,,,,,,,,,,,
EVTOPTC_Plus_174;Forgive [From.GetHerHim];Lui pardonner;Forgive [From.GetHerHim];;Forgive [From.GetHerHim];;;;;;;;;x,,,,,,,,,,,,,,,,,,,,,,,,,,,,,,,,,
EVTDESC_Plus_175;As the taxes were being hauled into the treasury, my men tried to make off with several chests of gold but were spotted by [From.GetTitledFirstName], who had come out to inspect the process [From.GetHerHim]self. Under questioning they revealed to myself to be in my employ, and now [From.GetTitledFirstName] knows that I attempted to rob [From.GetHerHim].;Le convoi transportant la dixme et les taxes collectées arriva au castel aujourd'hui. Mes hommes ont tenté de faire main basse sur plusieurs coffres d'or, mais ont été repérés par [From.GetTitledFirstName], qui estoit sorti pour inspecter le processus . Ils ont été arresté, et pendant l'interrogatoire ils ont révélé estre à mon service et maintenant [From.GetTitledFirstName] sait que j'ai essayé de [From.GetHerHim] voler.;As the taxes were being hauled into the treasury, my men tried to make off with several chests of gold but were spotted by [From.GetTitledFirstName], who had come out to inspect the process [From.GetHerHim]self. Under questioning they revealed to myself to be in my employ, and now [From.GetTitledFirstName] knows that I attempted to rob [From.GetHerHim].;;As the taxes were being hauled into the treasury, my men tried to make off with several chests of gold but were spotted by [From.GetTitledFirstName], who had come out to inspect the process [From.GetHerHim]self. Under questioning they revealed to myself to be in my employ, and now [From.GetTitledFirstName] knows that I attempted to rob [From.GetHerHim].;;;;;;;;;x,,,,,,,,,,,,,,,,,,,,,
EVTOPTA_Plus_175;Retribution is sure to come...;Le chastiment ne va point tarder...;Retribution is sure to come...;;Retribution is sure to come...;;;;;;;;;x,,,,,,,,,,,,,,,,,,,,,,,,,,,,,,,,,
EVTDESC_Plus_180;My co-conspirators have fabricated evidence that [Root.PlotTarget.GetTitledFirstName] is planning a revolt against [Root.PlotTarget.Liege.GetHerHis] liege. The evidence will discreetly find its way into the hands of [Root.PlotTarget.Liege.GetTitledFirstName], who cannot fail to act on it.;Mes co-conspirateurs ont fabriqué des preuves que [Root.PlotTarget.GetTitledFirstName] prévoit une révolte contre son seigneur [Root.PlotTarget.Liege.GetHerHis]. La preuve fera discrètement son chemin dans les mains de [Root.PlotTarget.Liege.GetTitledFirstName], qui devroit réagir.;My co-conspirators have fabricated evidence that [Root.PlotTarget.GetTitledFirstName] is planning a revolt against [Root.PlotTarget.Liege.GetHerHis] liege. The evidence will discreetly find its way into the hands of [Root.PlotTarget.Liege.GetTitledFirstName], who cannot fail to act on it.;;My co-conspirators have fabricated evidence that [Root.PlotTarget.GetTitledFirstName] is planning a revolt against [Root.PlotTarget.Liege.GetHerHis] liege. The evidence will discreetly find its way into the hands of [Root.PlotTarget.Liege.GetTitledFirstName], who cannot fail to act on it.;;;;;;;;;x,,,,,,,,,,,,,,,,,,,,,,,,,,,,,
EVTOPTA_Plus_180;I will see [Root.PlotTarget.GetHerHim] disgraced!;[Root.PlotTarget.GetSheHe] tombera en disgrasce !;I will see [Root.PlotTarget.GetHerHim] disgraced!;;I will see [Root.PlotTarget.GetHerHim] disgraced!;;;;;;;;;x,,,,,,,,,,,,,,,,,,,,,,,,,,,,,,,,,
EVTDESC_Plus_181;Word has reached me that [Root.Liege.GetTitledFirstName] has publicly accused me of treason based on evidence found in some documents that were slipped under [Root.Liege.GetHerHis] bedroom door.;[Root.Liege.GetTitledFirstName] m'a publiquement accusé de trahison. Ces horribles accusations seroient fondées sur des preuves  qui ont été glissées sous sa porte la nuit précédente.;Word has reached me that [Root.Liege.GetTitledFirstName] has publicly accused me of treason based on evidence found in some documents that were slipped under [Root.Liege.GetHerHis] bedroom door.;;Word has reached me that [Root.Liege.GetTitledFirstName] has publicly accused me of treason based on evidence found in some documents that were slipped under [Root.Liege.GetHerHis] bedroom door.;;;;;;;;;x,,,,,,,,,,,,,,,,,,,,,,,,,,,,,,,,,
EVTOPTA_Plus_181;This must be a scheme to see me arrested!;Ce doit estre un complot visant à me faire arrester !;This must be a scheme to see me arrested!;;This must be a scheme to see me arrested!;;;;;;;;;x,,,,,,,,,,,,,,,,,,,,,,,,,,,,,,,,,
EVTDESC_Plus_182;[From.Liege.GetTitledFirstName] was completely fooled by the fabricated evidence of [From.GetTitledFirstName]'s treason. It can only be a matter of time before [From.GetSheHe] is arrested.;[From.Liege.GetTitledFirstName] a été complètement dupé par les preuves que nous avons fabriquées, il est maintenant persuadé que [From.GetTitledFirstName] est un traistre. Ce n'est qu'une question de temps avant que [From.GetSheHe] soit arresté.;[From.Liege.GetTitledFirstName] was completely fooled by the fabricated evidence of [From.GetTitledFirstName]'s treason. It can only be a matter of time before [From.GetSheHe] is arrested.;;[From.Liege.GetTitledFirstName] was completely fooled by the fabricated evidence of [From.GetTitledFirstName]'s treason. It can only be a matter of time before [From.GetSheHe] is arrested.;;;;;;;;;x,,,,,,,,,,,,,,,,,,,,,,,,,,,,,,,,
EVTDESC_Plus_183;As I rose from bed, I found a small bundle of documents that had been slipped beneath my bedroom door. The documents contained evidence of [From.GetTitledFirstName]'s plans to depose me and seize the throne.;Comme je me levois de ma couche, j'ai trouvé un petit paquet de documents qui avoient été glissés sous la porte de ma chambre. Ces derniers contenoient des preuves que [From.GetTitledFirstName] a l 'intention de me déposer et de s'emparer du trosne.;As I rose from bed, I found a small bundle of documents that had been slipped beneath my bedroom door. The documents contained evidence of [From.GetTitledFirstName]'s plans to depose me and seize the throne.;;As I rose from bed, I found a small bundle of documents that had been slipped beneath my bedroom door. The documents contained evidence of [From.GetTitledFirstName]'s plans to depose me and seize the throne.;;;;;;;;;x,,,,,,,,,,,,,,,,,,,,,,,,,,,,,
EVTOPTA_Plus_183;I must have [From.GetHerHim] arrested!;Je dois [From.GetHerHim] faire arrester !;I must have [From.GetHerHim] arrested!;;I must have [From.GetHerHim] arrested!;;;;;;;;;x,,,,,,,,,,,,,,,,,,,,,,,,,,,,,,,,,
EVTDESC_Plus_184;As I rose from bed, I found a small bundle of documents that had been slipped beneath my bedroom door. The documents contained evidence of [From.GetTitledFirstName]'s plans to depose me and seize the throne.;Comme je me levois de ma couche, j'ai trouvé un petit paquet de documents qui avoient été glissés sous la porte de ma chambre. Ces derniers contenoient des preuves que [From.GetTitledFirstName] a l 'intention de me déposer et de s'emparer du trosne.;As I rose from bed, I found a small bundle of documents that had been slipped beneath my bedroom door. The documents contained evidence of [From.GetTitledFirstName]'s plans to depose me and seize the throne.;;As I rose from bed, I found a small bundle of documents that had been slipped beneath my bedroom door. The documents contained evidence of [From.GetTitledFirstName]'s plans to depose me and seize the throne.;;;;;;;;;x,,,,,,,,,,,,,,,,,,,,,,,,,,,,,
EVTOPTA_Plus_184;I wonder who sent it...;Je me demande qui a envoyé ça ...;I wonder who sent it...;;I wonder who sent it...;;;;;;;;;x,,,,,,,,,,,,,,,,,,,,,,,,,,,,,,,,,
EVTDESC_Plus_185;[From.Liege.GetTitledFirstName] refused to believe the fabricated evidence of [From.GetTitledFirstName]'s treason. Although the scheme has failed, at least there is no evidence of my involvement.;[From.Liege.GetTitledFirstName] a refusé de croire les preuves fabriquées démontrant la traistrise de [From.GetTitledFirstName]. Bien que le plan ait échoué, il n'existe nulle preuve de mon implication.;[From.Liege.GetTitledFirstName] refused to believe the fabricated evidence of [From.GetTitledFirstName]'s treason. Although the scheme has failed, at least there is no evidence of my involvement.;;[From.Liege.GetTitledFirstName] refused to believe the fabricated evidence of [From.GetTitledFirstName]'s treason. Although the scheme has failed, at least there is no evidence of my involvement.;;;;;;;;;x,,,,,,,,,,,,,,,,,,,,,,,,,,,,,
EVTDESC_Plus_186;As I rose from bed, I found a small bundle of documents that had been slipped beneath my bedroom door. The documents contained evidence of [From.GetTitledFirstName]'s plans to depose me and seize the throne.;Comme je me levois de ma couche, j'ai trouvé un petit paquet de documents qui avoient été glissés sous la porte de ma chambre. Ces derniers contenoient des preuves que [From.GetTitledFirstName] a l'intention de me déposer et de s'emparer du trosne.;As I rose from bed, I found a small bundle of documents that had been slipped beneath my bedroom door. The documents contained evidence of [From.GetTitledFirstName]'s plans to depose me and seize the throne.;;As I rose from bed, I found a small bundle of documents that had been slipped beneath my bedroom door. The documents contained evidence of [From.GetTitledFirstName]'s plans to depose me and seize the throne.;;;;;;;;;x,,,,,,,,,,,,,,,,,,,,,,,,,,,,,
EVTOPTA_Plus_186;Nothing but lies and slander;Rien que des mensonges et des calomnies;Nothing but lies and slander;;Nothing but lies and slander;;;;;;;;;x,,,,,,,,,,,,,,,,,,,,,,,,,,,,,,,,,
EVTDESC_Plus_187;[From.GetTitledFirstName] tried to have me arrested for treason by slipping fabricated 'evidence' under [Root.Liege.GetTitledFirstName]'s bedroom door, but fortunately [Root.Liege.GetSheHe] caught [From.GetHerHis] agent in the act and now it is [From.GetTitledFirstName] that stands accused of treason.;[From.GetTitledFirstName] a essayé de me faire arrester pour trahison en glissant des « preuves » fabriquées sous la porte de la chambre de [Root.Liege.GetTitledFirstName], mais heureusement [Root.Liege.GetSheHe] a pris son agent sur le fait et maintenant [From.GetTitledFirstName] est accusé de trahison.;[From.GetTitledFirstName] tried to have me arrested for treason by slipping fabricated 'evidence' under [Root.Liege.GetTitledFirstName]'s bedroom door, but fortunately [Root.Liege.GetSheHe] caught [From.GetHerHis] agent in the act and now it is [From.GetTitledFirstName] that stands accused of treason.;;[From.GetTitledFirstName] tried to have me arrested for treason by slipping fabricated 'evidence' under [Root.Liege.GetTitledFirstName]'s bedroom door, but fortunately [Root.Liege.GetSheHe] caught [From.GetHerHis] agent in the act and now it is [From.GetTitledFirstName] that stands accused of treason.;;;;;;;;;x,,,,,,,,,,,,,,,,,,,,,,,,,,,,,
EVTOPTA_Plus_187;How dare [From.GetSheHe]!;Le vaurien !;The bastard!;;The bastard!;;;;;;;;;x,,,,,,,,,,,,,,,,,,,,,,,,,,,,,,,,,
EVTDESC_Plus_188;My agent was caught in the act of slipping the fabricated evidence under [From.Liege.GetTitledFirstName]'s bedroom door. Even worse, my involvement was revealed during questioning and now I am the one that stands accused of treason.;Mon agent a été surpris en train de glisser les éléments de preuve fabriquée sous la porte de la chambre de [From.Liege.GetTitledFirstName]. Pis encor, mon implication a été révélée lors de l'interrogatoire et maintenant je suis accusé de trahison.;My agent was caught in the act of slipping the fabricated evidence under [From.Liege.GetTitledFirstName]'s bedroom door. Even worse, my involvement was revealed during questioning and now I am the one that stands accused of treason.;;My agent was caught in the act of slipping the fabricated evidence under [From.Liege.GetTitledFirstName]'s bedroom door. Even worse, my involvement was revealed during questioning and now I am the one that stands accused of treason.;;;;;;;;;x,,,,,,,,,,,,,,,,,,,,,,,,,,,,,
EVTOPTA_Plus_188;This is bad!;Malédiction !;This is bad!;;This is bad!;;;;;;;;;x,,,,,,,,,,,,,,,,,,,,,,,,,,,,,,,,,
EVTDESC_Plus_189;As I was getting ready to sleep, I heard a scuffle from outside my bedroom door. Rushing outside, I found that my guards had seized a cloaked man as he was attempting to slip some documents into the room. Under questioning, he revealed that he was working for [FromFrom.GetTitledFirstName] and that the documents were fabricated evidence intended to turn me against my vassal [From.GetTitledFirstName].;Comme je m'apprestois à dormir, j'ai ouï une bagarre derrière la porte de ma chambre. Me précipitant à l'extérieur l'arme a la main, j'ai constaté que mes gardes avoient saisi un homme masqué alors qu'il tentoit de glisser des documents dans ma chambre. En réponse aulx questions, il a révélé qu'il travailloit pour [FromFrom.GetTitledFirstName] et que les documents ont été fabriqués dans l'intention de semer la discorde entre mon vassal [From.GetTitledFirstName] et moi.;As I was getting ready to sleep, I heard a scuffle from outside my bedroom door. Rushing outside, I found that my guards had seized a cloaked man as he was attempting to slip some documents into the room. Under questioning, he revealed that he was working for [FromFrom.GetTitledFirstName] and that the documents were fabricated evidence intended to turn me against my vassal [From.GetTitledFirstName].;;As I was getting ready to sleep, I heard a scuffle from outside my bedroom door. Rushing outside, I found that my guards had seized a cloaked man as he was attempting to slip some documents into the room. Under questioning, he revealed that he was working for [FromFrom.GetTitledFirstName] and that the documents were fabricated evidence intended to turn me against my vassal [From.GetTitledFirstName].;;;;;;;;;x,,,,,,,,,,,,,,,,,,,,,
EVTOPTA_Plus_189;[FromFrom.GetTitledFirstName] is the true traitor!;[FromFrom.GetTitledFirstName] est le vrai traistre !;[FromFrom.GetTitledFirstName] is the true traitor!;;[FromFrom.GetTitledFirstName] is the true traitor!;;;;;;;;;x,,,,,,,,,,,,,,,,,,,,,,,,,,,,,,,,,
EVTDESC_Plus_195;My co-conspirators have fabricated evidence of [Root.PlotTarget.GetTitledFirstName]'s blasphemous conduct and sheltering of heretics. The letter will be sent to [Root.PlotTarget.RelHead.GetTitledFirstName] who will be forced to excommunicate [Root.PlotTarget.GetHerHim].;Mes co-conspirateurs ont fabriqué des preuves démontrant la conduite blasphématoire de [Root.PlotTarget.GetTitledFirstName]qui abriterait des hérétiques. La lettre sera envoyée à [Root.PlotTarget.RelHead.GetTitledFirstName] qui sera forcé de l'excommunier.;My co-conspirators have fabricated evidence of [Root.PlotTarget.GetTitledFirstName]'s blasphemous conduct and sheltering of heretics. The letter will be sent to [Root.PlotTarget.RelHead.GetTitledFirstName] who will be forced to excommunicate [Root.PlotTarget.GetHerHim].;;My co-conspirators have fabricated evidence of [Root.PlotTarget.GetTitledFirstName]'s blasphemous conduct and sheltering of heretics. The letter will be sent to [Root.PlotTarget.RelHead.GetTitledFirstName] who will be forced to excommunicate [Root.PlotTarget.GetHerHim].;;;;;;;;;x,,,,,,,,,,,,,,,,,,,,,,,,,,,,,,,,,
EVTOPTA_Plus_195;God will be my judge!;Dieu sera le seul juge !;God will be my judge!;;God will be my judge!;;;;;;;;;x,,,,,,,,,,,,,,,,,,,,,,,,,,,,,,,,,
EVTDESC_Plus_196;Word has reached me that [Root.RelHead.GetTitledFirstName] has had me excommunicated based on fabricated 'evidence' of blasphemy and heresy sent to [Root.RelHead.GetHerHim] in an anonymous letter.;[Root.RelHead.GetTitledFirstName] m'a excommunié en se basant sur une lettre anonyme contenant des «preuves» fabriquées, prouvant ma soi-disant hérésie.;Word has reached me that [Root.RelHead.GetTitledFirstName] has had me excommunicated based on fabricated 'evidence' of blasphemy and heresy sent to [Root.RelHead.GetHerHim] in an anonymous letter.;;Word has reached me that [Root.RelHead.GetTitledFirstName] has had me excommunicated based on fabricated 'evidence' of blasphemy and heresy sent to [Root.RelHead.GetHerHim] in an anonymous letter.;;;;;;;;;x,,,,,,,,,,,,,,,,,,,,,,,,,,,,,,,,
EVTOPTA_Plus_196;God preserve me from these lies!;Dieu, protège-moi de ces menteurs par pitié !;God preserve me from these lies!;;God preserve me from these lies!;;;;;;;;;x,,,,,,,,,,,,,,,,,,,,,,,,,,,,,,,,
EVTDESC_Plus_197;[From.RelHead.GetTitledFirstName] was completely fooled by the fabricated evidence of [From.GetTitledFirstName]'s heresy. [From.GetTitledFirstName] has been excommunicated and interdict has been placed on [From.GetHerHis] lands.;[From.RelHead.GetTitledFirstName] a été complètement dupé par les preuves fabriquées prouvant l'hérésie de [From.GetTitledFirstName]. [From.GetTitledFirstName] a été excommunié et un interdit a été prononcé sur ses terres.;[From.RelHead.GetTitledFirstName] was completely fooled by the fabricated evidence of [From.GetTitledFirstName]'s heresy. [From.GetTitledFirstName] has been excommunicated and interdict has been placed on [From.GetHerHis] lands.;;[From.RelHead.GetTitledFirstName] was completely fooled by the fabricated evidence of [From.GetTitledFirstName]'s heresy. [From.GetTitledFirstName] has been excommunicated and interdict has been placed on [From.GetHerHis] lands.;;;;;;;;;x,,,,,,,,,,,,,,,,,,,,,,,,,,,,,,,,,
EVTOPTA_Plus_197;It was the will of God!;C'est la volonté de Dieu !;It was the will of God!;;It was the will of God!;;;;;;;;;x,,,,,,,,,,,,,,,,,,,,,,,,,,,,,,,,,
EVTDESC_Plus_198;Word has reached me that [Root.RelHead.GetTitledFirstName] has received fabricated 'evidence' of blasphemy and heresy sent to [Root.RelHead.GetHerHim] in an anonymous letter. Fortunately, [Root.RelHead.GetSheHe] dismissed it as the slanderous lie it is.;[Root.RelHead.GetTitledFirstName] a recu une lettre anonyme contenant des «preuves» fabriquées, prouvant ma soi-disant hérésie. Heureusement, [Root.RelHead.GetSheHe] a rejeté ces accusations diffamatoires;Word has reached me that [Root.RelHead.GetTitledFirstName] has received fabricated 'evidence' of blasphemy and heresy sent to [Root.RelHead.GetHerHim] in an anonymous letter. Fortunately, [Root.RelHead.GetSheHe] dismissed it as the slanderous lie it is.;;Word has reached me that [Root.RelHead.GetTitledFirstName] has received fabricated 'evidence' of blasphemy and heresy sent to [Root.RelHead.GetHerHim] in an anonymous letter. Fortunately, [Root.RelHead.GetSheHe] dismissed it as the slanderous lie it is.;;;;;;;;;x,,,,,,,,,,,,,,,,,,,,,,,,,,,,
EVTOPTA_Plus_198;God looks after the faithful;Dieu prend soin de ses fidèles;God looks after the faithful;;God looks after the faithful;;;;;;;;;x,,,,,,,,,,,,,,,,,,,,,,,,,,,,,,,,,
EVTDESC_Plus_199;[From.RelHead.GetTitledFirstName] refused to believe the fabricated evidence of [From.GetTitledFirstName]'s heresy. Although the scheme has failed, at least there is no evidence of my involvement.;[From.RelHead.GetTitledFirstName] a refusé de croire les preuves fabriquées démontrant l'hérésie de [From.GetTitledFirstName]. Bien que le plan n'ait point fonctionné, il n'existe nulle preuve de mon implication.;[From.RelHead.GetTitledFirstName] refused to believe the fabricated evidence of [From.GetTitledFirstName]'s heresy. Although the scheme has failed, at least there is no evidence of my involvement.;;[From.RelHead.GetTitledFirstName] refused to believe the fabricated evidence of [From.GetTitledFirstName]'s heresy. Although the scheme has failed, at least there is no evidence of my involvement.;;;;;;;;;x,,,,,,,,,,,,,,,,,,,,,,,,,,,,,
EVTDESC_Plus_200;Word has reached me that [Root.RelHead.GetTitledFirstName] has received fabricated 'evidence' of blasphemy and heresy sent to [Root.RelHead.GetHerHim] in an anonymous letter. However, [Root.RelHead.GetSheHe] not only refused to believe it, but had the messenger questioned until he revealed the sender of the letter.;[Root.RelHead.GetTitledFirstName] a recu une lettre anonyme contenant des «preuves» fabriquées, prouvant ma soi-disant hérésie. Heureusement, [Root.RelHead.GetSheHe]a rejeté ces accusations diffamatoires et a interrogé le messager jusqu’à ce qu'il révèle son employeur.;Word has reached me that [Root.RelHead.GetTitledFirstName] has received fabricated 'evidence' of blasphemy and heresy sent to [Root.RelHead.GetHerHim] in an anonymous letter. However, [Root.RelHead.GetSheHe] not only refused to believe it, but had the messenger questioned until he revealed the sender of the letter.;;Word has reached me that [Root.RelHead.GetTitledFirstName] has received fabricated 'evidence' of blasphemy and heresy sent to [Root.RelHead.GetHerHim] in an anonymous letter. However, [Root.RelHead.GetSheHe] not only refused to believe it, but had the messenger questioned until he revealed the sender of the letter.;;;;;;;;;x,,,,,,,,,,,,,,,,,,,,,,,,,
EVTOPTA_Plus_200;It was sent by [From.GetTitledFirstName]!;La lettre a été envoyé par [From.GetTitledFirstName]!;It was sent by [From.GetTitledFirstName]!;;It was sent by [From.GetTitledFirstName]!;;;;;;;;;x,,,,,,,,,,,,,,,,,,,,,,,,,,,,,,,,,
EVTDESC_Plus_201;[From.RelHead.GetTitledFirstName] refused to believe the fabricated evidence of [From.GetTitledFirstName]'s heresy. What's worse, [From.RelHead.GetSheHe] had the messenger questioned and found out that I sent it! I have been censured for my 'unseemly scheming' and [From.GetTitledFirstName] knows that I tried to have [From.GetHerHim] excommunicated.;[From.RelHead.GetTitledFirstName] a refusé de croire les preuves fabriquées démontrant l 'hérésie de [From.GetTitledFirstName]. tristeusement le messager a révélé mon nom, j'ai été censuré pour propos blasphématoires et maintenant [From.GetTitledFirstName] sait que j'ai essayé de [From.GetHerHim] faire excommunier.;[From.RelHead.GetTitledFirstName] refused to believe the fabricated evidence of [From.GetTitledFirstName]'s heresy. What's worse, [From.RelHead.GetSheHe] had the messenger questioned and found out that I sent it! I have been censured for my 'unseemly scheming' and [From.GetTitledFirstName] knows that I tried to have [From.GetHerHim] excommunicated.;;[From.RelHead.GetTitledFirstName] refused to believe the fabricated evidence of [From.GetTitledFirstName]'s heresy. What's worse, [From.RelHead.GetSheHe] had the messenger questioned and found out that I sent it! I have been censured for my 'unseemly scheming' and [From.GetTitledFirstName] knows that I tried to have [From.GetHerHim] excommunicated.;;;;;;;;;x,,,,,,,,,,,,,,,,,,,,,,,,,,,,,
EVTOPTA_Plus_201;This will not help my reputation...;Cela ne va point améliorer ma réputation...;This will not help my reputation...;;This will not help my reputation...;;;;;;;;;x,,,,,,,,,,,,,,,,,,,,,,,,,,,,,,,,,
EVTDESC_Plus_205;My co-conspirators have fabricated evidence that [Root.PlotTarget.GetTitledFirstName] is planning a revolt against me. I will circulate the evidence among my vassals so that they will support my actions against the 'traitor'.;Mes co-conspirateurs ont fabriqué des preuves que [Root.PlotTarget.GetTitledFirstName] prépare une révolte contre moi. Je vais faire circuler les éléments de preuve parmi mes vassaulx pour qu'ils appuient mes actions contre ce «traistre».;My co-conspirators have fabricated evidence that [Root.PlotTarget.GetTitledFirstName] is planning a revolt against me. I will circulate the evidence among my vassals so that they will support my actions against the 'traitor'.;;My co-conspirators have fabricated evidence that [Root.PlotTarget.GetTitledFirstName] is planning a revolt against me. I will circulate the evidence among my vassals so that they will support my actions against the 'traitor'.;;;;;;;;;x,,,,,,,,,,,,,,,,,,,,,,,,,,,,,,,,,
EVTDESC_Plus_206;Word has reached me that documents indicting me in a plan to revolt against [Root.Liege.GetTitledFirstName] have been circulating through the realm. Though the evidence is obviously a forgery, it seems almost everyone in the realm has been fooled by it, and I fear I am about to be arrested.;Des documents compromettant m'accusant de traistrise contre [Root.Liege.GetTitledFirstName] ont circulé à travers le royaume. Bien que ces preuves soient fabriquées, il semble que cela été dupé presque tout le monde dans le royaume, et je crains que le jour de mon arrestation approche.;Word has reached me that documents indicting me in a plan to revolt against [Root.Liege.GetTitledFirstName] have been circulating through the realm. Though the evidence is obviously a forgery, it seems almost everyone in the realm has been fooled by it, and I fear I am about to be arrested.;;Word has reached me that documents indicting me in a plan to revolt against [Root.Liege.GetTitledFirstName] have been circulating through the realm. Though the evidence is obviously a forgery, it seems almost everyone in the realm has been fooled by it, and I fear I am about to be arrested.;;;;;;;;;x,,,,,,,,,,,,,,,,,,,,,,,,,
EVTOPTA_Plus_206;Who could have done such a thing?!;Qui auroit pu faire une chose pareille ?!;Who could have done such a thing?!;;Who could have done such a thing?!;;;;;;;;;x,,,,,,,,,,,,,,,,,,,,,,,,,,,,,,,,,
EVTDESC_Plus_207;My vassals were completely fooled by the fabricated evidence of [From.GetTitledFirstName]'s treason. I am now free to act against [From.GetHerHim].;Mes vassaulx ont été complètement dupé par les preuves fabriquées prouvant la trahison de [From.GetTitledFirstName]. Je suis maintenant libre d'agir contre [From.GetHerHim].;My vassals were completely fooled by the fabricated evidence of [From.GetTitledFirstName]'s treason. I am now free to act against [From.GetHerHim].;;My vassals were completely fooled by the fabricated evidence of [From.GetTitledFirstName]'s treason. I am now free to act against [From.GetHerHim].;;;;;;;;;x,,,,,,,,,,,,,,,,,,,,,,,,,,,,,,,,,
EVTDESC_Plus_208;Word has reached me that documents indicting me in a plan to revolt against [Root.Liege.GetTitledFirstName] have been circulating through the realm. Fortunately most of the lords of the realm have dismissed it as the forgery it is.;Des documents compromettant m'accusant de traistrise contre [Root.Liege.GetTitledFirstName] ont circulé à travers le royaume. Heureusement, devant la grossièreté de ces soi-disant preuves, la plupart des seigneurs du royaume les ont rejetées.;Word has reached me that documents indicting me in a plan to revolt against [Root.Liege.GetTitledFirstName] have been circulating through the realm. Fortunately most of the lords of the realm have dismissed it as the forgery it is.;;Word has reached me that documents indicting me in a plan to revolt against [Root.Liege.GetTitledFirstName] have been circulating through the realm. Fortunately most of the lords of the realm have dismissed it as the forgery it is.;;;;;;;;;x,,,,,,,,,,,,,,,,,,,,,,,,,,,,,,,
EVTOPTA_Plus_208;I wonder who was behind it...;Je me demande qui estoit derrière tout ça ...;I wonder who was behind it...;;I wonder who was behind it...;;;;;;;;;x,,,,,,,,,,,,,,,,,,,,,,,,,,,,,,,,,
EVTDESC_Plus_209;My vassals refused to believe the fabricated evidence of [From.GetTitledFirstName]'s treason. Although the scheme has failed, at least there is no evidence of my involvement.;Mes vassaulx ont refusé de croire les preuves fabriquées démontrant la traistrise de [From.GetTitledFirstName]. Bien que le plan n'ait point fonctionné, nulle preuve ne révèle mon implication.;My vassals refused to believe the fabricated evidence of [From.GetTitledFirstName]'s treason. Although the scheme has failed, at least there is no evidence of my involvement.;;My vassals refused to believe the fabricated evidence of [From.GetTitledFirstName]'s treason. Although the scheme has failed, at least there is no evidence of my involvement.;;;;;;;;;x,,,,,,,,,,,,,,,,,,,,,,,,,,,,,
EVTDESC_Plus_210;Word has reached me that documents indicting me in a plan to revolt against [Root.Liege.GetTitledFirstName] have been circulating through the realm. One of the forger's agents was caught while handing out the forgeries on my lands, and questioning revealed him to be working for [Root.Liege.GetTitledFirstName].;Des documents compromettants m'accusant de traistrise contre [Root.Liege.GetTitledFirstName] ont circulé à travers le royaume. Un des agents du faussaire a été pris en distribuant ces tracts fallacieulx sur mes terres et l'interrogatoire a révélé qu'il travailloit pour [Root.Liege.GetTitledFirstName].;Word has reached me that documents indicting me in a plan to revolt against [Root.Liege.GetTitledFirstName] have been circulating through the realm. One of the forger's agents was caught while handing out the forgeries on my lands, and questioning revealed him to be working for [Root.Liege.GetTitledFirstName].;;Word has reached me that documents indicting me in a plan to revolt against [Root.Liege.GetTitledFirstName] have been circulating through the realm. One of the forger's agents was caught while handing out the forgeries on my lands, and questioning revealed him to be working for [Root.Liege.GetTitledFirstName].;;;;;;;;;x,,,,,,,,,,,,,,,,,,,,,,,,,,,,,,
EVTDESC_Plus_211;My vassals refused to believe the fabricated evidence of [From.GetTitledFirstName]'s treason. What's worse, one of my agents was caught and questioned while circulating the forgeries, and my involvement has been revealed to all my vassals.;Mes vassaulx ont refusé de croire les preuves fabriquées démontrant la traistrise de [From.GetTitledFirstName]. Pis encor, un de mes agents a été capturé et interrogé pendant qu'il distribuoit les faulx documents et mon implication a été révélée à tous mes vassaulx.;My vassals refused to believe the fabricated evidence of [From.GetTitledFirstName]'s treason. What's worse, one of my agents was caught and questioned while circulating the forgeries, and my involvement has been revealed to all my vassals.;;My vassals refused to believe the fabricated evidence of [From.GetTitledFirstName]'s treason. What's worse, one of my agents was caught and questioned while circulating the forgeries, and my involvement has been revealed to all my vassals.;;;;;;;;;x,,,,,,,,,,,,,,,,,,,,,,,,,,
EVTOPTA_Plus_211;My reputation is ruined!;Ma réputation est fichue !;My reputation is ruined!;;My reputation is ruined!;;;;;;;;;x,,,,,,,,,,,,,,,,,,,,,,,,,,,,,,,,,
EVTOPTA_Plus_215;I shall inform the other conspirators at once!;Je m'en vais de ce pas en informer sur-le-champ les aultres conjurés !;I shall inform the other conspirators at once!;;I shall inform the other conspirators at once!;;;;;;;;;x,,,,,,,,,,,,,,,,,,,,,,,,,,,,,,,,,
EVTDESC_Plus_215;Our soon-to-be-kidnappee will soon leave their well-guarded castle on a carriage ride with few guards along a windy forest road.  The perfect place for an ambush!;Notre cible va bientost quitter son castel bien gardé dans un charriot protégé par quelques gardes le long d'une route venteuse à travers la forest. Le lieu parfait pour une embuscade !;Our soon-to-be-kidnappee will soon leave their well-guarded castle on a carriage ride with few guards along a windy forest road.  The perfect place for an ambush!;;Our soon-to-be-kidnappee will soon leave their well-guarded castle on a carriage ride with few guards along a windy forest road.  The perfect place for an ambush!;;;;;;;;;x,,,,,,,,,,,,,,,,,,,,,,,,,,,,,,,,,
EVTOPTA_Plus_216;Let's make [Root.PlotTarget.GetTitledName]'s journey a bit more interesting...;Rendons le voyage de [Root.PlotTarget.GetTitledName] un peu plus intéressant...;Let's make [Root.PlotTarget.GetTitledName]'s journey a bit more interesting...;;Let's make [Root.PlotTarget.GetTitledName]'s journey a bit more interesting...;;;;;;;;;x,,,,,,,,,,,,,,,,,,,,,,,,,,,,,,,,,
EVTOPTB_Plus_216;That's too risky...;C'est trop risqué...;That's too risky...;;That's too risky...;;;;;;;;;x,,,,,,,,,,,,,,,,,,,,,,,,,,,,,,,,,
EVTDESC_Plus_216;[From.GetTitledFirstName] has informed me that our target, [Root.PlotTarget.GetTitledFirstName], will soon be taking a long carriage ride, and wants to spring an ambush.;[From.GetTitledFirstName] m'a informé que notre cible, [Root.PlotTarget.GetTitledFirstName], commencera bientost un long voyage en charriot, et veult déclencher une embuscade.;[From.GetTitledFirstName] has informed me that our target, [Root.PlotTarget.GetTitledFirstName], will soon be taking a long carriage ride, and wants to spring an ambush.;;[From.GetTitledFirstName] has informed me that our target, [Root.PlotTarget.GetTitledFirstName], will soon be taking a long carriage ride, and wants to spring an ambush.;;;;;;;;;x,,,,,,,,,,,,,,,,,,,,,
EVTOPTA_Plus_217;You'll pay for this, [From.GetFirstName]!;Tu le paieras, [From.GetFirstName] !;You'll pay for this, [From.GetFirstName]!;;You'll pay for this, [From.GetFirstName]!;;;;;;;;;x,,,,,,,,,,,,,,,,,,,,,,,,,,,,,
EVTDESC_Plus_217;As your carriage travels the windy forest road, you're ambushed by highwaymen!  They slaughter your guards, chain you, and deliver you to [From.GetTitledFirstName];Alors que votre charriot voyage le long de la route venteuse à travers la forest, vous tombez dans une embuscade tendue par des bandits de grand chemin ! Ils massacrent vos gardes, vous enchaisnent, et vous remettent à [From.GetTitledFirstName];As your carriage travels the windy forest road, you're ambushed by highwaymen!  They slaughter your guards, chain you, and deliver you to [From.GetTitledFirstName];;As your carriage travels the windy forest road, you're ambushed by highwaymen!  They slaughter your guards, chain you, and deliver you to [From.GetTitledFirstName];;;;;;;;;x,,,,,,,,,,,,,,,,,,,,,
EVTOPTA_Plus_218;And I, I took the road less traveled by.  And has made all the difference...;Et moi, j'ai pris la route moins fréquentée. Et cela a fait toute la différence...;And I, I took the road less traveled by.  And has made all the difference...;;And I, I took the road less traveled by.  And has made all the difference...;;;;;;;;;x,,,,,,,,,,,,,,,,,,,,,,,,,,,,,
EVTDESC_Plus_218;As your carriage travels through the forest, you doze off into a peaceful sleep.  You awaken to find that you've safely arrived at your destination, but it seems a gang of bandits and highwaymen have been active on another road in that forest this very day;Tandis que votre charriot voyage à travers la forest, vous vous assoupissez dans un paisible sommeil. Vous vous réveillez pour vous retrouver sain et sauf à votre destination, mais il semble qu'une bande de coupe-jarrets et de bandits de grand chemin se soient montrés sur une aultre route dans la forest ce mesme jour;As your carriage travels through the forest, you doze off into a peaceful sleep.  You awaken to find that you've safely arrived at your destination, but it seems a gang of bandits and highwaymen have been active on another road in that forest this very day;;As your carriage travels through the forest, you doze off into a peaceful sleep.  You awaken to find that you've safely arrived at your destination, but it seems a gang of bandits and highwaymen have been active on another road in that forest this very day;;;;;;;;;x,,,,,,,,,,,,,,,,,,,,,,,,,
EVTOPTA_Plus_219;This shall not go unanswered.;Cela ne sera point sans conséquence.;This shall not go unanswered.;;This shall not go unanswered.;;;;;;;;;x,,,,,,,,,,,,,,,,,,,,,,,,,,,,,,,,,
EVTDESC_Plus_219;As your carriage travels the windy forest road, you're ambushed by highwaymen!  Fortunately, your guards are well-trained and quickly dispatch them.  As one lays dying, he admits he was sent by [From.GetTitledFirstName] to kidnap you.;Alors que votre charriot voyage le long de la route venteuse à travers la forest, vous tombez dans une embuscade tendue par des bandits de grand chemin ! Heureusement, vos gardes sont bien entraisnés et se débarrassent d'eulx. Alors que l'un d'entre eulx gist agonisant, il admet avoir été envoyé par [From.GetTitledFirstName] pour vous enlever.;As your carriage travels the windy forest road, you're ambushed by highwaymen!  Fortunately, your guards are well-trained and quickly dispatch them.  As one lays dying, he admits he was sent by [From.GetTitledFirstName] to kidnap you.;;As your carriage travels the windy forest road, you're ambushed by highwaymen!  Fortunately, your guards are well-trained and quickly dispatch them.  As one lays dying, he admits he was sent by [From.GetTitledFirstName] to kidnap you.;;;;;;;;;x,,,,,,,,,,,,,,,,,,,,,
EVTOPTA_Plus_220;I've got a cell all prepared for you, [From.GetTitledFirstName];J'ai un cachot qui n'attend que toi, [From.GetTitledFirstName];I've got a cell all prepared for you, [From.GetTitledFirstName];;I've got a cell all prepared for you, [From.GetTitledFirstName];;;;;;;;;x,,,,,,,,,,,,,,,,,,,,,,,,,,,,,
EVTDESC_Plus_220;Your plan goes off without a hitch, and [From.GetTitledFirstName] is pulled from his carriage and dragged before you in chains, begging for mercy;Votre plan se déroule sans accroc, et [From.GetTitledFirstName] est enlevé de son charriot et amené devant vous enchaisné, vous implorant de vous montrer clément;Your plan goes off without a hitch, and [From.GetTitledFirstName] is pulled from his carriage and dragged before you in chains, begging for mercy;;Your plan goes off without a hitch, and [From.GetTitledFirstName] is pulled from his carriage and dragged before you in chains, begging for mercy;;;;;;;;;x,,,,,,,,,,,,,,,,,,,,,,,,,
EVTOPTA_Plus_221;We shall have to try again.;Nous n'aurons qu'à essayer à nouveau.;We shall have to try again.;;We shall have to try again.;;;;;;;;;x,,,,,,,,,,,,,,,,,,,,,,,,,,,,,,,,,
EVTDESC_Plus_221;The mercenaries, dressed as highwaymen were all prepared, but it seems either they managed to get lost in the forest, or you were mis-informed about [Root.PlotTarget.GetTitledFirstName]'s route.  The plot has failed, but at least we were undiscovered.;Les mercenaires, déguisés en bandits de grand chemin, estoient prests pour l'embuscade, mais il semble que [Root.PlotTarget.GetTitledFirstName] se soit perdu(e) dans la forest, ou alors vous avez été mal informé de son itinéraire. Le complot a échoué, mais au moins nous n'avons point été découverts.;The mercenaries, dressed as highwaymen were all prepared, but it seems either they managed to get lost in the forest, or you were mis-informed about [Root.PlotTarget.GetTitledFirstName]'s route.  The plot has failed, but at least we were undiscovered.;;The mercenaries, dressed as highwaymen were all prepared, but it seems either they managed to get lost in the forest, or you were mis-informed about [Root.PlotTarget.GetTitledFirstName]'s route.  The plot has failed, but at least we were undiscovered.;;;;;;;;;x,,,,,,,,,,,,,,,,
EVTOPTA_Plus_222;It's so hard to find good help these days;Il est si difficile de trouver des gens compétents de nos jours;It's so hard to find good help these days;;It's so hard to find good help these days;;;;;;;;;x,,,,,,,,,,,,,,,,,,,,,,,,,,,,,,,,,
EVTDESC_Plus_222;Disaster!  Not only did your ambush fail miserably, but one of the dying mercenaries has fingered you as the ringleader of the plot.;Catastrophe ! Non seulement votre embuscade a lamentablement échoué, mais un de vos mercenaires agonisants vous a désigné comme le meneur du complot.;Disaster!  Not only did your ambush fail miserably, but one of the dying mercenaries has fingered you as the ringleader of the plot.;;Disaster!  Not only did your ambush fail miserably, but one of the dying mercenaries has fingered you as the ringleader of the plot.;;;;;;;;;x,,,,,,,,,,,,,,,,,,,,,,,,,,,,,
EVTOPTA_Plus_225;I shall inform the other conspirators at once!;Je m'en vais de ce pas en informer sur-le-champ les aultres conjurés !;I shall inform the other conspirators at once!;;I shall inform the other conspirators at once!;;;;;;;;;x,,,,,,,,,,,,,,,,,,,,,,,,,,,,,,,,,
EVTDESC_Plus_225;One of my soldiers has managed to get himself hired as part of our plot target's personal guard.  Now we have an inside man and when he draws the night shift we can try to grab our target under cover of darkness;Un de mes soldats a réussi à se faire recruter dans la garde personnelle de la cible de notre complot. Nous avons à présent un espion infiltré et, quand il sera de garde de nuit, nous pourrons essayer d'enlever notre cible à la faveur de la nuit;One of my soldiers has managed to get himself hired as part of our plot target's personal guard.  Now we have an inside man and when he draws the night shift we can try to grab our target under cover of darkness;;One of my soldiers has managed to get himself hired as part of our plot target's personal guard.  Now we have an inside man and when he draws the night shift we can try to grab our target under cover of darkness;;;;;;;;;x,,,,,,,,,,,,,,,,,,,,,,,,,,,,,,,
EVTOPTA_Plus_226;Sweet dreams, [Root.PlotTarget.GetTitledName];Fais de beaulx resves, [Root.PlotTarget.GetTitledName];Sweet dreams, [Root.PlotTarget.GetTitledName];;Sweet dreams, [Root.PlotTarget.GetTitledName];;;;;;;;;x,,,,,,,,,,,,,,,,,,,,,,,,,,,,,
EVTOPTB_Plus_226;That's too risky...;C'est trop risqué...;That's too risky...;;That's too risky...;;;;;;;;;x,,,,,,,,,,,,,,,,,,,,,,,,,,,,,,,,,
EVTDESC_Plus_226;[From.GetTitledFirstName] has managed to get a man inside [Root.PlotTarget.GetTitledName]'s guard.  We now have a fine opening to break in and steal him away while he sleeps.;[From.GetTitledFirstName] a réussi à infiltrer un homme dans la garde personnelle de [Root.PlotTarget.GetTitledName]. Nous avons à présent une bonne opportunité de l'atteindre et de l'enlever pendant son sommeil.;[From.GetTitledFirstName] has managed to get a man inside [Root.PlotTarget.GetTitledName]'s guard.  We now have a fine opening to break in and steal him away while he sleeps.;;[From.GetTitledFirstName] has managed to get a man inside [Root.PlotTarget.GetTitledName]'s guard.  We now have a fine opening to break in and steal him away while he sleeps.;;;;;;;;;x,,,,,,,,,,,,,,,,,,,,,,,,,,,,,,,,,
EVTOPTA_Plus_227;Do I at least get a pillow?;Puis-je au moins avoir un oreiller ?;Do I at least get a pillow?;;Do I at least get a pillow?;;;;;;;;;x,,,,,,,,,,,,,,,,,,,,,,,,,,,,,,,,,
EVTDESC_Plus_227;In the dead of night, you're suddenly awoken with three sword points in your face.  Bound and gagged, you're thrown in a carriage and taken to [From.GetTitledFirstName]'s prison.  Your new stone bed is considerably less comfortable than your feather bed at home.;Au milieu de la nuitée, vous estes soudainement réveillé par trois épées pointées sur votre visage. Ligoté et basillonné, vous estes balancé sur un charriot et emmené dans les geosles de [From.GetTitledFirstName]. Votre nouvelle couche de pierre est considérablement moins confortable que la couche de plumes de votre logis.;In the dead of night, you're suddenly awoken with three sword points in your face.  Bound and gagged, you're thrown in a carriage and taken to [From.GetTitledFirstName]'s prison.  Your new stone bed is considerably less comfortable than your feather bed at home.;;In the dead of night, you're suddenly awoken with three sword points in your face.  Bound and gagged, you're thrown in a carriage and taken to [From.GetTitledFirstName]'s prison.  Your new stone bed is considerably less comfortable than your feather bed at home.;;;;;;;;;x,,,,,,,,,,,,,,,,,,,,,,,,,
EVTOPTA_Plus_228;We'll need a few more guards;On va avoir besoin de quelques gardes de plus;We'll need a few more guards;;We'll need a few more guards;;;;;;;;;x,,,,,,,,,,,,,,,,,,,,,,,,,,,,,,,,,
EVTDESC_Plus_228;You're awakened in the night to the sounds of a scuffle – it appears some unknown infiltrators had the audacity to try to break into your chambers.  Why they came or what they wanted is a secret they took to the grave.;Vous estes réveillé dans la nuitée par le son d'une bagarre - il semble que des infiltrés inconnus ont eu l'audace d'essayer de s'introduire dans vos quartiers. La raison de leur intrusion est un secret qu'ils emportent avec eulx dans leur trépas.;You're awakened in the night to the sounds of a scuffle – it appears some unknown infiltrators had the audacity to try to break into your chambers.  Why they came or what they wanted is a secret they took to the grave.;;You're awakened in the night to the sounds of a scuffle – it appears some unknown infiltrators had the audacity to try to break into your chambers.  Why they came or what they wanted is a secret they took to the grave.;;;;;;;;;x,,,,,,,,,,,,,,,,,,,,,,,,,,,,,,,,,
EVTOPTA_Plus_229;Luckily he was caught before he could do any harm;Heureusement, il a été capturé avant d'avoir pu nous nuire;Luckily he was caught before he could do any harm;;Luckily he was caught before he could do any harm;;;;;;;;;x,,,,,,,,,,,,,,,,,,,,,,,,,,,,,,,,
EVTDESC_Plus_229;It seems the hiring policies for the guards around here have been a bit lax.  [From.GetTitledFirstName] managed to plant a mole within your walls.;Il sembleroit que la politique de recrutement des gardes se soit quelque peu relaschée par ici.  [From.GetTitledFirstName] a réussi à infiltrer une taupe dans vos murs.;It seems the hiring policies for the guards around here have been a bit lax.  [From.GetTitledFirstName] managed to plant a mole within your walls.;;It seems the hiring policies for the guards around here have been a bit lax.  [From.GetTitledFirstName] managed to plant a mole within your walls.;;;;;;;;;x,,,,,,,,,,,,,,,,,,,,,,,,,,,,,,,,,
EVTOPTA_Plus_230;I've got a cell all prepared for you, [From.GetTitledFirstName];J'ai un cachot qui n'attend que toi, [From.GetTitledFirstName];I've got a cell all prepared for you, [From.GetTitledFirstName];;I've got a cell all prepared for you, [From.GetTitledFirstName];;;;;;;;;x,,,,,,,,,,,,,,,,,,,,,,,,,,,,,
EVTDESC_Plus_230;[Root.PlotTarget.GetTitledFirstName] is dragged before you in chains.  His captors tell a captivating tale of a daring midnight infiltration, no doubt slightly embellished.  You have your prisoner, let the men have their tall tales;[Root.PlotTarget.GetTitledFirstName] est amené devant vous enchaisné. Ses ravisseurs narrent une histoire captivante d'une infiltration osée à minuit, sans nul doute légèrement embellie. Vous avez votre prisonnier, ils peuvent bien conter leur histoire;[Root.PlotTarget.GetTitledFirstName] is dragged before you in chains.  His captors tell a captivating tale of a daring midnight infiltration, no doubt slightly embellished.  You have your prisoner, let the men have their tall tales;;[Root.PlotTarget.GetTitledFirstName] is dragged before you in chains.  His captors tell a captivating tale of a daring midnight infiltration, no doubt slightly embellished.  You have your prisoner, let the men have their tall tales;;;;;;;;;x,,,,,,,,,,,,,,,,,,,,,,,,,
EVTOPTA_Plus_231;We shall have to try again.;Nous n'aurons qu'à essayer à nouveau.;We shall have to try again.;;We shall have to try again.;;;;;;;;;x,,,,,,,,,,,,,,,,,,,,,,,,,,,,,,,,,
EVTDESC_Plus_231;Your inside man lets the infiltrators through [Root.PlotTarget.GetTitledFirstName]'s gates, but they're discovered before they can grab [Root.PlotTarget.GetHerHim] from [Root.PlotTarget.GetHerHis] bed.  Fortunately, they were all killed in the ensuing scuffle, and there's no trace of your complicity;Votre taupe laisse vos hommes passer les portes de [Root.PlotTarget.GetTitledFirstName], mais ils sont repérés avant de pouvoir l'enlever de sa couche. Heureusement, ils sont tous occis dans la bagarre qui s'ensuivit, et il n'y a nulle trace de votre complicité;Your inside man lets the infiltrators through [Root.PlotTarget.GetTitledFirstName]'s gates, but they're discovered before they can grab [Root.PlotTarget.GetHerHim] from [Root.PlotTarget.GetHerHis] bed.  Fortunately, they were all killed in the ensuing scuffle, and there's no trace of your complicity;;Your inside man lets the infiltrators through [Root.PlotTarget.GetTitledFirstName]'s gates, but they're discovered before they can grab [Root.PlotTarget.GetHerHim] from [Root.PlotTarget.GetHerHis] bed.  Fortunately, they were all killed in the ensuing scuffle, and there's no trace of your complicity;;;;;;;;;x,,,,,,,,,,,,,,,,,,,,,
EVTOPTA_Plus_232;It's so hard to find good help these days;Il est si difficile de trouver des gens compétents de nos jours;It's so hard to find good help these days;;It's so hard to find good help these days;;;;;;;;;x,,,,,,,,,,,,,,,,,,,,,,,,,,,,,,,,,
EVTDESC_Plus_232;Your inside man is unmasked by another of [Root.PlotTarget.GetTitledFirstName]'s guards.  Under threat of torture he reveals your involvement.;Votre taupe est démasquée par un aultre garde de [Root.PlotTarget.GetTitledFirstName]. Sous la menace de torture, il révèle votre implication.;Your inside man is unmasked by another of [Root.PlotTarget.GetTitledFirstName]'s guards.  Under threat of torture he reveals your involvement.;;Your inside man is unmasked by another of [Root.PlotTarget.GetTitledFirstName]'s guards.  Under threat of torture he reveals your involvement.;;;;;;;;;x,,,,,,,,,,,,,,,,,,,,,,,,,,,,,,,,
EVTDESC_Plus_235;Tonight may be the night. I spotted [Root.PlotTarget.GetTitledName] going up to [Root.PlotTarget.GetHerHis] rooms alone after an eve of drinking. I doubt [Root.PlotTarget.GetSheHe] is in a condition to resist my charms, if I choose to follow.;Tonight may be the night. I spotted [Root.PlotTarget.GetTitledName] going up to [Root.PlotTarget.GetHerHis] rooms alone after an eve of drinking. I doubt [Root.PlotTarget.GetSheHe] is in a condition to resist my charms, if I choose to follow.;Tonight may be the night. I spotted [Root.PlotTarget.GetTitledName] going up to [Root.PlotTarget.GetHerHis] rooms alone after an eve of drinking. I doubt [Root.PlotTarget.GetSheHe] is in a condition to resist my charms, if I choose to follow.;;Tonight may be the night. I spotted [Root.PlotTarget.GetTitledName] going up to [Root.PlotTarget.GetHerHis] rooms alone after an eve of drinking. I doubt [Root.PlotTarget.GetSheHe] is in a condition to resist my charms, if I choose to follow.;;;;;;;;;x,,,,,,,,,,,,,,,,,,,,,,,,,,,,,,,,,
EVTOPTA_Plus_235;It's now or never!;C'est maintenant ou jamais !;It's now or never!;;It's now or never!;;;;;;;;;x,,,,,,,,,,,,,,,,,,,,,,,,,,,,,,,,,
EVTOPTB_Plus_235;I lack the courage...;Je n'ai point assez de courage...;I lack the courage...;;I lack the courage...;;;;;;;;;x,,,,,,,,,,,,,,,,,,,,,,,,,,,,,,,,,
EVTDESC_Plus_236;I've observed the comings and going of the target of a particularly romantic plot, and think I can faciliate a private meeting for the two of them.;J'ai observé les allées et venues de la cible d'une certaine intrigue amoureuse , et je songe pouvoir faciliter une rencontre en privé entre eulx deulx.;I've observed the comings and going of the target of a particularly romantic plot, and think I can faciliate a private meeting for the two of them.;;I've observed the comings and going of the target of a particularly romantic plot, and think I can facilitate a private meeting for the two of them.;;;;;;;;;x,,,,,,,,,,,,,,,,,,,,,,,,,,,,,
EVTOPTA_Plus_236;Send a message to the plotter.;Envoyer un message au comploteur.;Send a message to the plotter.;;Send a message to the plotter.;;;;;;;;;x,,,,,,,,,,,,,,,,,,,,,,,,,,,,,,,,,
EVTDESC_Plus_237;[From.GetTitledFirstName] has contacted me, saying [From.GetSheHe] believes that [From.GetSheHe] can help me meet [Root.PlotTarget.GetTitledFirstName] privately, and in a condition where [Root.PlotTarget.GetSheHe] will almost certainly be unable to resist my charms...;[From.GetTitledFirstName] has contacted me, saying [From.GetSheHe] believes that [From.GetSheHe] can help me meet [Root.PlotTarget.GetTitledFirstName] privately, and in a condition where [Root.PlotTarget.GetSheHe] will almost certainly be unable to resist my charms...;[From.GetTitledFirstName] has contacted me, saying [From.GetSheHe] believes that [From.GetSheHe] can help me meet [Root.PlotTarget.GetTitledFirstName] privately, and in a condition where [Root.PlotTarget.GetSheHe] will almost certainly be unable to resist my charms...;;[From.GetTitledFirstName] has contacted me, saying [From.GetSheHe] believes that [From.GetSheHe] can help me meet [Root.PlotTarget.GetTitledFirstName] privately, and in a condition where [Root.PlotTarget.GetSheHe] will almost certainly be unable to resist my charms...;;;;;;;;;x,,,,,,,,,,,,,,,,,,,,,,,,,,,,,
EVTDESC_Plus_238;The plan was successful. I crept into [Root.PlotTarget.GetTitledFirstName]'s bed, and before [Root.PlotTarget.GetSheHe] could react, I showed [Root.PlotTarget.GetHerHim] what a night with a real [Root.GetManWoman] looks like. [Root.PlotTarget.GetSheHeCap] did not ask me to leave.;The plan was successful. I crept into [Root.PlotTarget.GetTitledFirstName]'s bed, and before [Root.PlotTarget.GetSheHe] could react, I showed [Root.PlotTarget.GetHerHim] what a night with a real [Root.GetManWoman] looks like. [Root.PlotTarget.GetSheHeCap] did not ask me to leave.;The plan was successful. I crept into [Root.PlotTarget.GetTitledFirstName]'s bed, and before [Root.PlotTarget.GetSheHe] could react, I showed [Root.PlotTarget.GetHerHim] what a night with a real [Root.GetManWoman] looks like. [Root.PlotTarget.GetSheHeCap] did not ask me to leave.;;The plan was successful. I crept into [Root.PlotTarget.GetTitledFirstName]'s bed, and before [Root.PlotTarget.GetSheHe] could react, I showed [Root.PlotTarget.GetHerHim] what a night with a real [Root.GetManWoman] looks like. [Root.PlotTarget.GetSheHeCap] did not ask me to leave.;;;;;;;;;x,,,,,,,,,,,,,,,,,,,,,,,,,,,,,,,,,
EVTDESC_Plus_239;It happened rather suddenly. One moment I was alone in my bed, and then the next [From.GetTitledFirstName] was there with me. I was about to cry for the guards, but the things [From.GetSheHe] he did... I did not want them to stop, and I have not wanted to since the night it happened. I cannot stop thinking about [From.GetHerHim].;It happened rather suddenly. One moment I was alone in my bed, and then the next [From.GetTitledFirstName] was there with me. I was about to cry for the guards, but the things [From.GetSheHe] he did... I did not want them to stop, and I have not wanted to since the night it happened. I cannot stop thinking about [From.GetHerHim].;It happened rather suddenly. One moment I was alone in my bed, and then the next [From.GetTitledFirstName] was there with me. I was about to cry for the guards, but the things [From.GetSheHe] he did... I did not want them to stop, and I have not wanted to since the night it happened. I cannot stop thinking about [From.GetHerHim].;;It happened rather suddenly. One moment I was alone in my bed, and then the next [From.GetTitledFirstName] was there with me. I was about to cry for the guards, but the things [From.GetSheHe] he did... I did not want them to stop, and I have not wanted to since the night it happened. I cannot stop thinking about [From.GetHerHim].;;;;;;;;;x,,,,,,,,,,,,,,,,,,,,,,,,,,,,,,,,,
EVTOPTA_Plus_239;How did that happen? Was I drinking?;How did that happen? Was I drinking?;How did that happen? Was I drinking?;;How did that happen? Was I drinking?;;;;;;;;;x,,,,,,,,,,,,,,,,,,,,,,,,,,,,,,,,,
EVTDESC_Plus_240;My attempts at seduction have failed! [Root.PlotTarget.GetTitledFirstName] not only threw me out of his room, but threatened to have the guards throw me out of the castle as well. [Root.PlotTarget.GetSheHeCap] is not pleased with me, and [Root.PlotTarget.GetSheHe] is not the only one.;My attempts at seduction have failed! [Root.PlotTarget.GetTitledFirstName] not only threw me out of his room, but threatened to have the guards throw me out of the castle as well. [Root.PlotTarget.GetSheHeCap] is not pleased with me, and [Root.PlotTarget.GetSheHe] is not the only one.;My attempts at seduction have failed! [Root.PlotTarget.GetTitledFirstName] not only threw me out of his room, but threatened to have the guards throw me out of the castle as well. [Root.PlotTarget.GetSheHeCap] is not pleased with me, and [Root.PlotTarget.GetSheHe] is not the only one.;;My attempts at seduction have failed! [Root.PlotTarget.GetTitledFirstName] not only threw me out of his room, but threatened to have the guards throw me out of the castle as well. [Root.PlotTarget.GetSheHeCap] is not pleased with me, and [Root.PlotTarget.GetSheHe] is not the only one.;;;;;;;;;x,,,,,,,,,,,,,,,,,,,,,,,,,,,,,
EVTDESC_Plus_241;It happened so quickly. One minute I was alone in my bed, and the next I woke to discover [From.GetTitledFirstName] attempting to seduce me. I threw [From.GetHerHim] out in a rage, and threatened to call the guards if [From.GetSheHe] tried anything so outrageous again. The nerve of the [From.GetManWoman]!;It happened so quickly. One minute I was alone in my bed, and the next I woke to discover [From.GetTitledFirstName] attempting to seduce me. I threw [From.GetHerHim] out in a rage, and threatened to call the guards if [From.GetSheHe] tried anything so outrageous again. The nerve of the [From.GetManWoman]!;It happened so quickly. One minute I was alone in my bed, and the next I woke to discover [From.GetTitledFirstName] attempting to seduce me. I threw [From.GetHerHim] out in a rage, and threatened to call the guards if [From.GetSheHe] tried anything so outrageous again. The nerve of the [From.GetManWoman]!;;It happened so quickly. One minute I was alone in my bed, and the next I woke to discover [From.GetTitledFirstName] attempting to seduce me. I threw [From.GetHerHim] out in a rage, and threatened to call the guards if [From.GetSheHe] tried anything so outrageous again. The nerve of the [From.GetManWoman]!;;;;;;;;;x,,,,,,,,,,,,,,,,,,,,,,,,,,,,,,,,,
EVTOPTA_Plus_241;Denied!;Refusé !;Denied!;;Denied!;;;;;;;;;x,,,,,,,,,,,,,,,,,,,,,,,,,,,,,,,,,
EVTDESC_Plus_303;The sharp decline of my power and territories have not gone unnoticed by other rulers. While I continue to insist on my claims to Imperial dignity, it is clear that my peers no longer take them seriously.;La forte baisse de mon pouvoir et de mes territoires ne sont point passées inaperçues aulx yeulx des aultres souverains. Bien que je continue d'insister sur mes prétentions à la dignité impériale, il est clair que mes pairs ne me prennent plus au sérieulx.;Der starke Rückgang meiner Macht und Territorien hat sich den anderen Herrscher nicht unbemerkt passiert. Während ich auf meinen Anspruch auf dem Kaisertum fortsetze, ist es klar, dass meine Kollegen mich nicht mehr ernst nehmen.;;The sharp decline of my power and territories have not gone unnoticed by other rulers. While I continue to insist on my claims to Imperial dignity, it is clear that my peers no longer take them seriously.;;;;;;;;;x,,,,,,,,,,,,,,,,,,,,,,,,,,,,
EVTOPTA_Plus_303;But I *am* the [Root.GetTitle]!;Mais je *suis* le [Root.GetTitle] !;Aber ich *bin* der [Root.GetTitle]!;;But I *am* the [Root.GetTitle]!;;;;;;;x;;,,,,,,,,,,,,,,,,,,,,,,,,,,,,,,,,,
EVTDESC_Plus_304;The change in crown authority has forced me to change some of my demesne laws.;Le changement de l'autorité de la couronne m'a forcé à changer certaines de mes lois domaniales.;Die Veränderung der Kronautorität hat mich gezwungen, einige meiner Herrschaftgesetze zu verändern.;;The change in crown authority has forced me to change some of my demesne laws.;;;;;;;;;x,,,,,,,,,,,,,,,,,,,,,,,,,,,,,,,,
EVTDESC_Plus_400;The Crusade was a great success, but to whom shall I grant the lands I have gained?;La Croisade fut un grand succès, mais à qui accorderois-je les terres que j'ai obtenu?;Der Kreuzzug war ein großer Erfolg. An wen werde ich das neu erworbene Land geben?;;The Crusade was a great success, but to whom shall I grant the lands I have gained?;;;;;;;;x;,,,,,,,,,,,,,,,,,,,,,,,,,,,,,,
EVTOPTA_Plus_400;To my son;A mon fils;An meinen Sohn;;To my son;;;;;;;;x;,,,,,,,,,,,,,,,,,,,,,,,,,,,,,,,,,
EVTOPTC_Plus_400;To a capable relative;Pour un parent capable;An einen tauglichen Verwandten;;To a capable relative;;;;;;;;x;,,,,,,,,,,,,,,,,,,,,,,,,,,,,,,,,,
EVTOPTD_Plus_400;To myself;À moi-mesme;An mich selbst;;To myself;;;;;;;;x;,,,,,,,,,,,,,,,,,,,,,,,,,,,,,,,,,
EVTOPTE_Plus_400;To my brother;A mon frère;An meinen Bruder;;To my brother;;;;;;;;x;,,,,,,,,,,,,,,,,,,,,,,,,,,,,,,,,,
EVTOPTF_Plus_400;To a valiant retainer;À un preulx serviteur;To a valiant retainer;;To a valiant retainer;;;;;;;x;;,,,,,,,,,,,,,,,,,,,,,,,,,,,,,,,,,
EVTDESC_Plus_401;The Crusade was a great success and now I must decide whether to request a fief in the captured lands for one of my relatives.;La Croisade fut fructueuse, je dois maintenant décider pour quel membre de ma famille je devrois demander un fief, en terre sainte.;The Crusade was a great success and now I must decide whether to request a fief in the captured lands for one of my relatives.;;The Crusade was a great success and now I must decide whether to request a fief in the captured lands for one of my relatives.;;;;;;;;x;,,,,,,,,,,,,,,,,,,,,,,,,,,,,,,,
EVTOPTA_Plus_401;Request a fief for my son;Demander un fief pour mon fils;Request a fief for my son;;Request a fief for my son;;;;;;;;x;,,,,,,,,,,,,,,,,,,,,,,,,,,,,,,,,,
EVTOPTB_Plus_401;Request a fief for my brother;Demander un fief pour mon frère;Request a fief for my brother;;Request a fief for my brother;;;;;;;x;;,,,,,,,,,,,,,,,,,,,,,,,,,,,,,,,,,
EVTOPTC_Plus_401;Request a fief for a relative;Demander un fief pour un parent;Request a fief for a relative;;Request a fief for a relative;;;;;;;x;;,,,,,,,,,,,,,,,,,,,,,,,,,,,,,,,,,
EVTOPTD_Plus_401;No, our victory belongs to God;Que nenni, notre victoire appartient à Dieu;No, our victory belongs to God;;No, our victory belongs to God;;;;;;;;x;,,,,,,,,,,,,,,,,,,,,,,,,,,,,,
EVTDESC_Plus_402;I have distributed fiefs in my new lands among the relatives of the Crusading lords.;J'ai distribué mes nouveaulx fiefs parmis les parents des seigneurs Croisés.;I have distributed fiefs in my new lands among the relatives of the Crusading lords.;;I have distributed fiefs in my new lands among the relatives of the Crusading lords.;;;;;;;;x;,,,,,,,,,,,,,,,,,,,,,,,,,,,,,,,,,
EVTDESC_Plus_430;The Civil War has weakened the authority of the crown to the point where my own distant and disconnected realm cannot be considered a part of [Root.Liege.PrimaryTitle.GetName] any longer.;La guerre civile a affaibli l'autorité de la couronne, au point où mon propre royaume lointain ne peult plus estre considéré comme une partie de [Root.Liege.PrimaryTitle.GetName].;The Civil War has weakened the authority of the crown to the point where my own distant and disconnected realm cannot be considered a part of [Root.Liege.PrimaryTitle.GetName] any longer.;;The Civil War has weakened the authority of the crown to the point where my own distant and disconnected realm cannot be considered a part of [Root.Liege.PrimaryTitle.GetName] any longer.;;;;;;;x;;,,,,,,,,,,,,,,,,,,,,,,,,,,,,,,,,
EVTOPTA_Plus_430;Declare independence!;Déclarer l'indépendance!;Declare independence!;;Declare independence!;;;;;;;x;;,,,,,,,,,,,,,,,,,,,,,,,,,,,,,,,,,
EVTOPTB_Plus_430;No, I remain faithful to [Root.Liege.PrimaryTitle.GetName];Non, je reste féal au [Root.Liege.PrimaryTitle.GetName];No, I remain faithful to [Root.Liege.PrimaryTitle.GetName];;No, I remain faithful to [Root.Liege.PrimaryTitle.GetName];;;;;;;x;;,,,,,,,,,,,,,,,,,,,,,,,,,,,,,
EVTDESC_Plus_431;The Civil War has weakened the authority of the crown to the point where [From.GetTitledName] has become effectively independent.;La guerre civile a affaibli l'autorité de la couronne, [From.GetTitledName] est devenu indépendant.;The Civil War has weakened the authority of the crown to the point where [From.GetTitledName] has become effectively independent.;;The Civil War has weakened the authority of the crown to the point where [From.GetTitledName] has become effectively independent.;;;;;;;x;;,,,,,,,,,,,,,,,,,,,,,,,,,,,,,,,,
EVTOPTA_Plus_431;Oh no!;Oh non !;Oh no!;;Oh no!;;;;;;;x;;,,,,,,,,,,,,,,,,,,,,,,,,,,,,,,,,,
EVTTOOLTIP1007001;The kidnapping succeeds\n;L'enlèvement est un succès\n;Das Kidnapping ist erfolgreich\n;;The kidnapping succeeds\n;;;;;;;x;;,,,,,,,,,,,,,,,,,,,,,,,,,,,,,,,,,
EVTTOOLTIP1007002;The kidnapping fails\n;L'enlèvement est un échec\n;Das Kidnapping scheitert\n;;The kidnapping fails\n;;;;;;;x;;,,,,,,,,,,,,,,,,,,,,,,,,,,,,,,,,,
